StartDate,EndDate,Status,Progress,Duration (in seconds),Finished,RecordedDate,DistributionChannel,UserLanguage,rrt_u_1,rrt_u_2,rrt_u_3,rrt_u_4,rrt_u_5,rrt_u_6,rrt_u_7,rrt_u_8,rrt_u_9,rrt_u_10,rrt_time_u_First Click,rrt_time_u_Last Click,rrt_time_u_Page Submit,rrt_time_u_Click Count,partner_type_u,rrt_r_1,rrt_r_2,rrt_time_r_First Click,rrt_time_r_Last Click,rrt_time_r_Page Submit,rrt_time_r_Click Count,partner_type_r,trial_sm_1,trial_sm_2,trial_sm_3,trial_sm_4,trial_sm_5,trial_sm_6,trial_sm_7,trial_sm_8,trial_lg_9,trial_lg_10,trial_lg_11,trial_lg_12,trial_lg_13,trial_lg_14,trial_lg_15,trial_lg_16,panas_1,panas_2,panas_3,panas_4,panas_5,panas_6,panas_7,panas_8,panas_9,panas_10,panas_11,panas_12,panas_13,panas_14,panas_15,panas_16,panas_17,panas_18,panas_19,panas_20,attn_check_fruit,difficulty_u,difficulty_r,prior_knowledge_rrt,gender,device,comments,condition
Start Date,End Date,Response Type,Progress,Duration (in seconds),Finished,Recorded Date,Distribution Channel,User Language,Please describe 10 kind or considerate things your relationship partner has done to help you in the last 7 days. - 1,Please describe 10 kind or considerate things your relationship partner has done to help you in the last 7 days. - 2,Please describe 10 kind or considerate things your relationship partner has done to help you in the last 7 days. - 3,Please describe 10 kind or considerate things your relationship partner has done to help you in the last 7 days. - 4,Please describe 10 kind or considerate things your relationship partner has done to help you in the last 7 days. - 5,Please describe 10 kind or considerate things your relationship partner has done to help you in the last 7 days. - 6,Please describe 10 kind or considerate things your relationship partner has done to help you in the last 7 days. - 7,Please describe 10 kind or considerate things your relationship partner has done to help you in the last 7 days. - 8,Please describe 10 kind or considerate things your relationship partner has done to help you in the last 7 days. - 9,Please describe 10 kind or considerate things your relationship partner has done to help you in the last 7 days. - 10,Timing - First Click,Timing - Last Click,Timing - Page Submit,Timing - Click Count,Who did you write about?,Please describe 2 kind or considerate things your relationship partner has done to help you in the last 7 days. - 1,Please describe 2 kind or considerate things your relationship partner has done to help you in the last 7 days. - 2,Timing - First Click,Timing - Last Click,Timing - Page Submit,Timing - Click Count,Who did you write about?,"Click on the comparison figure that looks more like the target figure:


Target image","Click on the comparison figure that looks more like the target figure:


Target image","Click on the comparison figure that looks more like the target figure:


Target image","Click on the comparison figure that looks more like the target figure:


Target image","Click on the comparison figure that looks more like the target figure:


Target image","Click on the comparison figure that looks more like the target figure:


Target image","Click on the comparison figure that looks more like the target figure:


Target image","Click on the comparison figure that looks more like the target figure:


Target image","Click on the comparison figure that looks more like the target figure:


Target image","Click on the comparison figure that looks more like the target figure:


Target image","Click on the comparison figure that looks more like the target figure:


Target image","Click on the comparison figure that looks more like the target figure:


Target image","Click on the comparison figure that looks more like the target figure:


Target image","Click on the comparison figure that looks more like the target figure:


Target image","Click on the comparison figure that looks more like the target figure:


Target image","Click on the comparison figure that looks more like the target figure:


Target image","This scale consists of a number of words that describe different feelings and emotions. Please read each item and indicate to what extent you feel this way RIGHT NOW, using the scale provided. - Inspired","This scale consists of a number of words that describe different feelings and emotions. Please read each item and indicate to what extent you feel this way RIGHT NOW, using the scale provided. - Scared","This scale consists of a number of words that describe different feelings and emotions. Please read each item and indicate to what extent you feel this way RIGHT NOW, using the scale provided. - Hostile","This scale consists of a number of words that describe different feelings and emotions. Please read each item and indicate to what extent you feel this way RIGHT NOW, using the scale provided. - Afraid","This scale consists of a number of words that describe different feelings and emotions. Please read each item and indicate to what extent you feel this way RIGHT NOW, using the scale provided. - Strong","This scale consists of a number of words that describe different feelings and emotions. Please read each item and indicate to what extent you feel this way RIGHT NOW, using the scale provided. - Interested","This scale consists of a number of words that describe different feelings and emotions. Please read each item and indicate to what extent you feel this way RIGHT NOW, using the scale provided. - Excited","This scale consists of a number of words that describe different feelings and emotions. Please read each item and indicate to what extent you feel this way RIGHT NOW, using the scale provided. - Determined","This scale consists of a number of words that describe different feelings and emotions. Please read each item and indicate to what extent you feel this way RIGHT NOW, using the scale provided. - Ashamed","This scale consists of a number of words that describe different feelings and emotions. Please read each item and indicate to what extent you feel this way RIGHT NOW, using the scale provided. - Alert","This scale consists of a number of words that describe different feelings and emotions. Please read each item and indicate to what extent you feel this way RIGHT NOW, using the scale provided. - Attentive","This scale consists of a number of words that describe different feelings and emotions. Please read each item and indicate to what extent you feel this way RIGHT NOW, using the scale provided. - Enthusiastic","This scale consists of a number of words that describe different feelings and emotions. Please read each item and indicate to what extent you feel this way RIGHT NOW, using the scale provided. - Guilty","This scale consists of a number of words that describe different feelings and emotions. Please read each item and indicate to what extent you feel this way RIGHT NOW, using the scale provided. - Jittery","This scale consists of a number of words that describe different feelings and emotions. Please read each item and indicate to what extent you feel this way RIGHT NOW, using the scale provided. - Active","This scale consists of a number of words that describe different feelings and emotions. Please read each item and indicate to what extent you feel this way RIGHT NOW, using the scale provided. - Nervous","This scale consists of a number of words that describe different feelings and emotions. Please read each item and indicate to what extent you feel this way RIGHT NOW, using the scale provided. - Distressed","This scale consists of a number of words that describe different feelings and emotions. Please read each item and indicate to what extent you feel this way RIGHT NOW, using the scale provided. - Proud","This scale consists of a number of words that describe different feelings and emotions. Please read each item and indicate to what extent you feel this way RIGHT NOW, using the scale provided. - Upset","This scale consists of a number of words that describe different feelings and emotions. Please read each item and indicate to what extent you feel this way RIGHT NOW, using the scale provided. - Irritable","As with all online data collection, there is a risk that some respondents are 'bots'. To ensure the integrity of our data, we want to know which responses are from real people like you! For that reason, we have included this question as a quality control check. Please select which of the following answer choices is a fruit:","How difficult did you find the Relationship Recall Task (i.e., describing 10 kind or
considerate things your partner has done to help you)?","Think back to the very first part of the study.

How difficult did you find the Relationship Recall Task (i.e., describing 2 kind or
considerate things your partner has done to help you)?",Had you ever completed a task like the Relationship Recall Task before?,What is your gender?,"What kind of device are you completing this survey on?
Your answer to this question will NOT impact your compensation.","Thanks!

Please share any comments or suggestions you might have on this study below (optional):",condition
"{""ImportId"":""startDate"",""timeZone"":""America/Denver""}","{""ImportId"":""endDate"",""timeZone"":""America/Denver""}","{""ImportId"":""status""}","{""ImportId"":""progress""}","{""ImportId"":""duration""}","{""ImportId"":""finished""}","{""ImportId"":""recordedDate"",""timeZone"":""America/Denver""}","{""ImportId"":""distributionChannel""}","{""ImportId"":""userLanguage""}","{""ImportId"":""QID5_1""}","{""ImportId"":""QID5_2""}","{""ImportId"":""QID5_3""}","{""ImportId"":""QID5_4""}","{""ImportId"":""QID5_5""}","{""ImportId"":""QID5_6""}","{""ImportId"":""QID5_7""}","{""ImportId"":""QID5_8""}","{""ImportId"":""QID5_9""}","{""ImportId"":""QID5_10""}","{""ImportId"":""QID7_FIRST_CLICK""}","{""ImportId"":""QID7_LAST_CLICK""}","{""ImportId"":""QID7_PAGE_SUBMIT""}","{""ImportId"":""QID7_CLICK_COUNT""}","{""ImportId"":""QID6""}","{""ImportId"":""QID11_1""}","{""ImportId"":""QID11_2""}","{""ImportId"":""QID13_FIRST_CLICK""}","{""ImportId"":""QID13_LAST_CLICK""}","{""ImportId"":""QID13_PAGE_SUBMIT""}","{""ImportId"":""QID13_CLICK_COUNT""}","{""ImportId"":""QID12""}","{""ImportId"":""QID15""}","{""ImportId"":""QID18""}","{""ImportId"":""QID20""}","{""ImportId"":""QID21""}","{""ImportId"":""QID22""}","{""ImportId"":""QID23""}","{""ImportId"":""QID24""}","{""ImportId"":""QID25""}","{""ImportId"":""QID26""}","{""ImportId"":""QID27""}","{""ImportId"":""QID28""}","{""ImportId"":""QID29""}","{""ImportId"":""QID30""}","{""ImportId"":""QID31""}","{""ImportId"":""QID32""}","{""ImportId"":""QID33""}","{""ImportId"":""QID34_1""}","{""ImportId"":""QID34_2""}","{""ImportId"":""QID34_3""}","{""ImportId"":""QID34_4""}","{""ImportId"":""QID34_5""}","{""ImportId"":""QID34_6""}","{""ImportId"":""QID34_7""}","{""ImportId"":""QID34_8""}","{""ImportId"":""QID34_9""}","{""ImportId"":""QID34_10""}","{""ImportId"":""QID34_11""}","{""ImportId"":""QID34_12""}","{""ImportId"":""QID34_13""}","{""ImportId"":""QID34_14""}","{""ImportId"":""QID34_15""}","{""ImportId"":""QID34_16""}","{""ImportId"":""QID34_17""}","{""ImportId"":""QID34_18""}","{""ImportId"":""QID34_19""}","{""ImportId"":""QID34_20""}","{""ImportId"":""QID43""}","{""ImportId"":""QID36""}","{""ImportId"":""QID39""}","{""ImportId"":""QID38""}","{""ImportId"":""QID40""}","{""ImportId"":""QID48""}","{""ImportId"":""QID41_TEXT""}","{""ImportId"":""condition""}"
12/3/22 18:03,12/3/22 18:07,0,100,225,1,12/3/22 18:07,anonymous,EN,,,,,,,,,,,,,,,,Made tea,Hoovered ,1.349,18.718,28.519,6,2,0,0,1,0,0,1,0,1,0,0,0,0,1,1,1,0,5,1,1,1,5,5,4,5,0,5,5,5,0,0,6,0,2,3,1,1,1,,2,1,2,0,,responsive
12/3/22 18:03,12/3/22 18:07,0,100,275,1,12/3/22 18:07,anonymous,EN,Asked how I was,Sent me a funny joke,Hugged me,Gave me a compliment ,Told me they appreciated me,Boosted my morale,Gave me a small gift,Was available when they were needed,Watched television with me,Sent me words of encouragement ,1.21,101.916,108.557,23,1,,,,,,,,1,1,1,1,0,1,0,1,1,1,1,1,1,1,1,1,0,0,0,0,1,3,1,1,0,4,4,2,0,0,0,0,0,1,0,1,1,5,,0,2,0,,unresponsive
12/3/22 18:02,12/3/22 18:08,0,100,322,1,12/3/22 18:08,anonymous,EN,made me dinner,planned a holiday we went on,complimented me,helped me study for exams,was physically affectionate,bought me Christmas pyjamas,listened to me complain about university,watched a movie with me,helped me to reorganise the flat,asked how my day was,8.343,142.739,154.748,11,2,,,,,,,,0,1,1,1,1,1,0,1,1,1,1,1,1,1,1,1,1,4,3,3,2,5,4,5,1,3,3,2,0,2,2,6,2,3,2,3,1,4,,0,2,1,n/a,unresponsive
12/3/22 18:04,12/3/22 18:08,0,100,245,1,12/3/22 18:08,anonymous,EN,Made me tea ,Walked me to bus stop,Picked me up,Cuddled me ,Apologised ,Done chores,Carried heavy bags ,Says I looked nice ,Visited my nanna ,Watched my favourite film ,3.404,96.926,106.601,24,2,,,,,,,,1,1,1,1,1,0,1,1,1,1,1,1,1,1,1,1,0,0,0,0,0,1,0,0,1,0,0,0,0,0,0,0,2,0,3,4,1,3,,0,2,0,,unresponsive
12/3/22 18:04,12/3/22 18:08,0,100,260,1,12/3/22 18:08,anonymous,EN,,,,,,,,,,,,,,,,Helped with housework,Discussed ADHD,11.706,11.706,48.246,1,2,1,0,0,1,0,0,1,1,1,1,1,1,1,1,1,1,2,2,0,0,0,3,2,2,1,2,2,2,0,1,2,2,1,1,0,0,1,,4,0,1,1,,responsive
12/3/22 18:04,12/3/22 18:10,0,100,363,1,12/3/22 18:10,anonymous,EN,,,,,,,,,,,,,,,,Made me dinner,Gave me a massage,2.501,16.469,28.737,2,2,1,1,1,1,0,0,0,0,1,1,1,1,0,1,1,0,2,0,0,0,1,4,2,4,0,4,4,3,0,1,4,0,0,0,0,0,1,,2,0,2,1,,responsive
12/3/22 18:06,12/3/22 18:13,0,100,443,1,12/3/22 18:13,anonymous,EN,,,,,,,,,,,,,,,,Took kids to school so I could lay in ,Has dinner waiting for me when i finish work ,2.612,42.67,44.302,7,2,0,0,0,0,0,1,0,0,0,0,0,0,0,0,0,0,3,2,2,3,2,4,3,4,2,4,4,5,2,2,4,2,1,3,1,1,1,,1,0,2,0,,responsive
12/3/22 18:08,12/3/22 18:15,0,100,433,1,12/3/22 18:15,anonymous,EN,,,,,,,,,,,,,,,,Picked up a Christmas gift that I needed,Always asks how I am doing,16.223,65.501,66.98,5,2,0,0,0,0,0,1,1,0,1,1,1,1,1,1,1,1,0,0,0,0,0,5,1,5,0,5,5,3,0,0,1,0,0,0,0,0,1,,2,0,2,1,,responsive
12/3/22 18:06,12/3/22 18:15,0,100,543,1,12/3/22 18:15,anonymous,EN,listened,helped me,went to a show with me,helped me dress,made dinner,invited me to a fair,brushed my hair,made an inquiry I couldn't,lent me an arm,held my cup (I'm disableed),28.266,28.266,196.141,1,1,,,,,,,,0,0,0,1,0,1,0,1,0,0,0,0,1,1,1,1,0,0,0,0,0,0,0,0,0,2,1,0,0,0,0,0,0,0,0,0,1,4,,0,2,1,,unresponsive
12/3/22 18:04,12/3/22 18:16,0,100,734,1,12/3/22 18:16,anonymous,EN,telling me when new music was released,sending updates on events happening,sending me funny posts,showing me results from online games,asking me about tv shows,talking about shows as we simultaneously watch them,telling me about academic pursuits I'd be interested in,sharing news with me,talking about personal things,reacting to funny things I send them,203.568,375.901,488.289,9,1,,,,,,,,1,1,1,1,1,0,1,1,1,1,1,1,1,1,1,1,2,1,1,1,3,3,2,2,1,3,4,3,0,1,3,1,1,3,1,2,1,4,,0,3,1,,unresponsive
12/3/22 18:17,12/3/22 18:21,0,100,227,1,12/3/22 18:21,anonymous,EN,Helped with laundry,Helped with washing up,Watched TV with me,Picked me up from work,Talked about things we like,Offered emotional support,Sent nice messages,Made dinner,Gave compliments,Let me have a nap,1.464,90.281,112.098,13,1,,,,,,,,0,0,1,0,0,1,0,0,1,1,1,1,1,1,1,1,2,0,0,0,0,1,0,1,0,2,2,0,0,0,0,0,0,0,0,0,1,3,,0,2,1,,unresponsive
12/3/22 18:19,12/3/22 18:21,0,100,152,1,12/3/22 18:21,anonymous,EN,Being kind,Helped my productivity,Showed affection,Showed emotion,Gave advice,Spoke to me,Listened to me,Socialised with me,Had intimacy ,Shared,1.911,9.137,53.1,3,1,,,,,,,,0,0,0,0,0,1,0,0,0,0,0,0,1,0,0,0,2,4,3,4,2,3,4,3,2,3,5,5,1,4,1,2,3,4,1,4,1,3,,0,1,1,,unresponsive
12/3/22 18:17,12/3/22 18:22,0,100,252,1,12/3/22 18:22,anonymous,EN,support me when i lost my pet,celebrated family news,bought me a game i really wanted,helped me find christmas presents for family,watched a film with me when i felt down,told me i looked good,planned a trip with me for 2023,supported me through a friendship ending,encouraged me to workout,encouraged me to eat healthy,3.205,99.178,104.365,11,1,,,,,,,,0,0,0,0,0,1,0,0,0,0,0,1,1,1,1,1,1,0,0,0,3,5,4,4,0,4,4,4,0,0,1,0,0,2,0,0,1,2,,0,2,1,,unresponsive
12/3/22 18:17,12/3/22 18:22,0,100,252,1,12/3/22 18:22,anonymous,EN,,,,,,,,,,,,,,,,Make lunch for me ,Drive me to work ,11.189,48.077,50.558,7,2,1,1,1,1,1,1,1,0,1,1,1,1,1,1,1,1,2,0,0,0,1,2,1,3,0,0,4,2,4,0,0,0,0,3,0,1,1,,1,0,2,1,,responsive
12/3/22 18:19,12/3/22 18:22,0,100,176,1,12/3/22 18:22,anonymous,EN,,,,,,,,,,,,,,,,Talk about my feelings,Let out my stress,2.192,17.893,24.471,2,2,1,1,1,1,0,0,1,1,0,1,1,1,1,1,1,1,4,5,5,5,4,5,5,5,4,4,5,5,4,4,3,4,3,2,3,3,1,,1,0,3,1,,responsive
12/3/22 18:18,12/3/22 18:22,0,100,218,1,12/3/22 18:22,anonymous,EN,,,,,,,,,,,,,,,,responded to voice notes with voice notes,followed up on an earlier emergency,11.407,14.213,79.612,2,1,1,1,1,1,1,0,1,1,1,1,1,1,1,1,1,1,0,0,0,0,0,1,0,1,0,2,2,0,0,0,1,0,0,0,0,0,1,,3,1,2,1,,responsive
12/3/22 18:18,12/3/22 18:22,0,100,244,1,12/3/22 18:22,anonymous,EN,,,,,,,,,,,,,,,,reassure,leave me alone and not mither,8.91,17.365,29.398,3,2,0,0,0,0,0,1,0,0,0,0,1,0,1,0,0,0,4,1,1,1,4,4,4,4,1,4,4,4,0,0,4,0,0,4,0,0,1,,4,0,1,1,,responsive
12/3/22 18:19,12/3/22 18:23,0,100,254,1,12/3/22 18:23,anonymous,EN,tied my shoes,took me to a movie,let me sleep in ,helped carry groceries,went to a craft show with me,scooped the snowy driveway,bought me a boba drink as a surprise,put up Christmas decorations ,ordered pizza so I didnt have to cook,massaged my feet,8.128,93.707,99.941,17,2,,,,,,,,1,1,0,0,0,1,0,0,1,0,0,0,1,1,0,0,0,0,0,0,2,3,0,2,0,1,4,0,0,0,0,2,0,0,0,0,1,1,,0,2,0,thank you ,unresponsive
12/3/22 18:19,12/3/22 18:24,0,100,271,1,12/3/22 18:24,anonymous,EN,,,,,,,,,,,,,,,,helped unload the dishwasher,helped with shopping,2.406,2.406,36.456,1,2,0,0,1,0,0,1,0,1,1,0,1,0,0,0,0,0,3,0,0,0,1,6,5,4,0,4,5,4,0,1,3,2,0,1,0,0,1,,4,0,2,1,,responsive
12/3/22 18:18,12/3/22 18:24,0,100,358,1,12/3/22 18:24,anonymous,EN,,,,,,,,,,,,,,,,tidied up a mess I left out,cooked me dinner,2.713,46.638,57.139,15,1,0,0,1,0,1,0,0,1,1,1,1,0,0,0,1,1,0,0,0,0,0,3,0,0,0,2,3,0,0,0,0,0,0,0,0,0,1,,2,0,2,1,,responsive
12/3/22 18:21,12/3/22 18:24,0,100,205,1,12/3/22 18:24,anonymous,EN,,,,,,,,,,,,,,,,Sent me memes,Sat down to talk with me,8.798,8.798,37.569,1,2,0,1,1,0,1,0,0,1,1,1,0,1,1,1,1,1,1,0,0,0,0,3,1,1,0,2,2,0,1,0,0,0,0,1,0,0,1,,1,0,1,1,,responsive
12/3/22 18:17,12/3/22 18:24,0,100,416,1,12/3/22 18:24,anonymous,EN,,,,,,,,,,,,,,,,Helped me bring the shopping in from the car ,Made me hot drinks ,15.932,103.43,169.302,3,2,1,1,1,1,0,1,0,0,1,1,1,0,1,0,0,0,1,0,0,0,1,3,0,0,0,1,4,3,0,0,3,0,0,0,0,0,1,,4,0,2,0,,responsive
12/3/22 18:19,12/3/22 18:24,0,100,342,1,12/3/22 18:24,anonymous,EN,Helped me with laundry when I was exhausted,Bought some dinner for us when I was hungry,Drove me to work,Went to the store for me when I didn't want to,Brought home a t-shirt for me,Watched a movie with me that she wasn't interested in,Saved a video to watch together instead of watching it herself,Cooked a meal for me,Bought a specific soda at the store because she knows I like them,Stopped in at my work on her lunch break just to say hi,1.202,180.897,181.389,26,2,,,,,,,,1,0,1,0,1,1,0,0,0,1,1,1,1,1,1,0,2,0,0,0,2,3,3,2,0,2,4,3,0,0,1,0,0,4,0,0,1,2,,0,1,0,,unresponsive
12/3/22 18:20,12/3/22 18:24,0,100,279,1,12/3/22 18:24,anonymous,EN,,,,,,,,,,,,,,,,Helped me figure out where I wanted to buy a house,Helped me meet new friends in a new place,6.097,46.382,55.732,3,1,0,0,1,1,1,0,1,0,1,1,1,0,1,1,1,0,2,0,0,0,2,2,1,2,0,4,6,2,0,0,2,0,0,2,0,0,1,,2,0,2,1,,responsive
12/3/22 18:17,12/3/22 18:25,0,100,447,1,12/3/22 18:25,anonymous,EN,Let me have a lay in,Got our child to sleep,Scratched my back,Asked if was ok,Asked to text when I had arrived somewhere to make sure I had got there,Tidied up,Cuddled me,Kissed me,Washed up,Did my child’s dinner (I’m unwell this week),4.787,156.76,184.173,22,2,,,,,,,,1,1,1,1,0,1,1,1,1,1,1,1,1,1,1,0,0,0,0,0,3,4,3,4,0,4,5,5,0,0,1,0,0,6,0,1,1,2,,0,2,0,I did ask to go back and answer the question that I missed but I moved me forward,unresponsive
12/3/22 18:19,12/3/22 18:25,0,100,335,1,12/3/22 18:25,anonymous,EN,Money,Time ,Effort ,Cooking ,Cleaning ,Date night,Baking,Drives,Affection ,Loving ,3.416,103.954,104.684,35,2,,,,,,,,1,1,1,1,1,0,1,1,1,0,1,0,1,1,1,1,4,0,0,0,5,5,3,5,0,5,4,3,0,2,2,0,0,5,0,0,1,1,,0,2,0,,unresponsive
12/3/22 18:18,12/3/22 18:25,0,100,442,1,12/3/22 18:25,anonymous,EN, breakfast in bed ,made my up for work ,made my coffee up for work ,wash dried and ironed my work clothes ,collected me from work ,took me to work ,cooked my dinner and supper ,told me she loves me ,bought me a gift ,cut my hair ,22.867,181.502,188.376,14,2,,,,,,,,1,1,1,1,1,0,1,1,1,1,1,1,1,1,1,1,3,0,0,0,4,6,2,5,0,4,4,5,1,0,5,1,0,4,0,0,1,1,,0,1,1,,unresponsive
12/3/22 18:21,12/3/22 18:25,0,100,277,1,12/3/22 18:25,anonymous,EN,Given me cuddles,Made me breakfast,Bought me a coffee,Called me cute,Let me have one of her hard ciders,Given me a back massage,Sent me cute photos of her cat,Paid for our Lyft,Rubbed lotion on my back,Given me a kiss,5.43,5.43,110.985,1,2,,,,,,,,1,1,1,1,1,0,1,1,1,1,1,1,1,1,1,1,2,0,0,0,2,2,1,2,0,2,2,2,0,0,1,0,1,2,0,2,1,3,,0,1,1,Thanks for the chance to participate.,unresponsive
12/3/22 18:22,12/3/22 18:25,0,100,235,1,12/3/22 18:25,anonymous,EN,,,,,,,,,,,31.836,35.414,35.437,5,2,,,,,,,,1,1,1,1,1,0,1,1,1,1,1,1,1,0,1,1,0,0,0,0,3,1,0,0,0,4,3,0,0,0,0,0,0,0,0,0,1,5,,0,2,0,,unresponsive
12/3/22 18:20,12/3/22 18:25,0,100,325,1,12/3/22 18:25,anonymous,EN,Bought me a poster,Woke me up when I asked him to,Bought me chocolate milk,Fixed my nose ring for me,Gave me advice on what laptop to buy,told me he loves me,loves my cat,asked about my day,encouraged me ,told me he missed me,6.955,193.061,204.974,13,2,,,,,,,,0,0,0,0,0,0,0,0,1,0,0,1,0,0,0,1,2,0,0,0,1,2,1,0,0,2,1,3,0,0,0,2,0,0,0,0,1,3,,0,2,1,,unresponsive
12/3/22 18:22,12/3/22 18:26,0,100,226,1,12/3/22 18:26,anonymous,EN,Gave me a candle,Complimented my outfit,Had an encouraging phone call,Asked how a work project went,Asked how my day was,Took a cute photo of me,Invited me to a dinner,Gave good advice,Listened to me vent,Offered to let me borrow something,24.855,24.855,117.726,1,1,,,,,,,,0,0,0,0,0,1,0,0,0,0,0,0,0,0,0,0,3,0,0,0,0,4,2,2,0,5,5,4,0,0,4,0,0,0,0,0,1,2,,0,2,1,,unresponsive
12/3/22 18:22,12/3/22 18:26,0,100,191,1,12/3/22 18:26,anonymous,EN,,,,,,,,,,,,,,,,asked to spend time together when i needed it,listened to me when i had an embarassing question,6.446,23.061,35.546,2,2,1,1,0,1,1,1,0,0,1,1,1,1,1,1,1,1,0,0,0,1,1,0,0,2,0,2,2,0,0,1,0,1,0,0,0,1,1,,1,0,3,1,,responsive
12/3/22 18:19,12/3/22 18:26,0,100,413,1,12/3/22 18:26,anonymous,EN,,,,,,,,,,,,,,,,Cleaned the house,Protected me from drunk man,1.538,49.258,83.647,6,2,1,0,1,1,0,0,1,1,1,1,1,1,1,1,1,1,1,0,0,0,5,5,2,2,0,5,5,4,0,0,4,0,0,1,0,1,1,,2,0,2,0,,responsive
12/3/22 18:22,12/3/22 18:26,0,100,225,1,12/3/22 18:26,anonymous,EN,,,,,,,,,,,,,,,,Made me feel wanted ,Validated my feelings ,0.934,22.047,30.3,7,2,0,1,0,0,1,1,1,0,0,0,1,1,0,1,1,1,1,0,0,0,4,3,1,3,0,1,5,3,0,0,0,0,0,1,0,0,1,,1,1,1,0,,responsive
12/3/22 18:22,12/3/22 18:27,0,100,288,1,12/3/22 18:27,anonymous,EN,,,,,,,,,,,,,,,,Washed and dried my clothes,Cooked my Dinner,15.94,51.099,54.39,3,2,0,0,0,0,0,1,0,0,0,0,0,0,0,0,0,1,3,0,0,0,2,4,2,4,0,5,5,4,0,0,1,0,0,4,0,0,1,,1,1,1,1,,responsive
12/3/22 18:21,12/3/22 18:27,0,100,382,1,12/3/22 18:27,anonymous,EN,,,,,,,,,,,,,,,,made me feel at ease when i was stressed,read a book to me to help me fall asleep,3.178,44.518,124.711,2,2,1,1,1,1,1,0,1,1,1,1,1,1,1,1,1,1,4,0,0,0,4,4,1,1,0,1,1,1,0,0,1,0,0,1,0,0,1,,1,0,2,1,,responsive
12/3/22 18:18,12/3/22 18:27,0,100,558,1,12/3/22 18:27,anonymous,EN,Cooked dinner 4 nights this week.,Filled my car with petrol when he borrowed it.,Brought me my favourite chocolate bar when he went to the shop without being asked.,Changed the bed.,Took my nephew to the park when I had to work.,Treated me to lunch midweek.,"Planned a quiet night in after a long, stressful week at work.",Washed my car.,Cleaned out the fridge before grocery shopping.,Changed the bulbs in the outside security lights.,17.071,274.172,339.397,9,2,,,,,,,,1,1,1,1,1,0,1,1,1,1,1,1,1,1,1,1,2,0,0,0,2,3,1,3,1,3,4,2,1,0,2,1,0,2,0,0,1,2,,0,2,1,,unresponsive
12/3/22 18:24,12/3/22 18:27,0,100,208,1,12/3/22 18:27,anonymous,EN,,,,,,,,,,,,,,,,Picked me up from home,Cooked for me,9.169,30.228,30.561,4,2,0,0,0,1,0,1,0,0,0,0,0,0,1,0,1,1,0,0,0,0,0,2,1,0,0,0,2,2,0,0,0,0,0,0,0,0,1,,1,0,2,0,,responsive
12/3/22 18:24,12/3/22 18:28,0,100,199,1,12/3/22 18:28,anonymous,EN,,,,,,,,,,,,,,,,Made me dinner,Picked the kids up from school,4.506,20.782,21.967,2,2,0,0,1,1,0,1,1,0,0,1,1,1,1,1,1,0,2,0,0,0,3,1,2,1,0,3,4,2,0,0,2,0,0,3,0,0,1,,4,0,1,1,,responsive
12/3/22 18:17,12/3/22 18:29,0,100,699,1,12/3/22 18:29,anonymous,EN,,,,,,,,,,,,,,,,made dinner,watched a movie with me,54.21,60.582,65.816,2,1,0,0,0,0,0,1,0,0,0,0,0,0,0,0,0,0,2,1,0,0,3,2,2,2,0,1,1,2,0,0,2,1,1,2,0,0,1,,2,0,1,1,,responsive
12/3/22 18:26,12/3/22 18:29,0,100,200,1,12/3/22 18:29,anonymous,EN,,,,,,,,,,,,,,,,Read over my uni assignment and gave me feedback,Helped me with my work ,1.091,31.677,32.669,11,2,1,1,1,1,0,1,0,1,0,1,1,0,1,1,1,0,0,0,0,0,2,1,0,0,0,3,4,1,0,4,1,0,1,0,0,1,1,,1,0,2,0,,responsive
12/3/22 18:25,12/3/22 18:29,0,100,269,1,12/3/22 18:29,anonymous,EN,,,,,,,,,,,,,,,,Come over to help me with the house,Purchased something I wanted on my behalf,7.775,33.612,53.106,3,1,1,1,1,1,1,0,1,1,1,1,1,1,1,1,1,1,1,1,0,1,2,2,0,3,0,2,2,1,0,1,1,1,1,0,1,0,1,,1,0,2,1,,responsive
12/3/22 18:21,12/3/22 18:29,0,100,484,1,12/3/22 18:29,anonymous,EN,talked,hugged,cooked,listened,worked,shopped,helped pay rent,helped with broken phone,helped with online utilities,told me a funny story,10.789,118.169,119.577,49,2,,,,,,,,0,1,0,1,0,1,1,1,1,1,1,0,1,1,1,1,0,1,1,4,1,1,0,1,2,1,3,1,3,3,1,3,4,0,4,1,1,5,,0,2,1,,unresponsive
12/3/22 18:26,12/3/22 18:30,0,100,202,1,12/3/22 18:30,anonymous,EN,,,,,,,,,,,,,,,,Took me on a trip to London,Bought me some food,11.843,27.399,31.05,5,1,1,0,1,1,1,0,0,1,1,0,1,1,1,1,1,1,1,0,0,0,1,1,0,1,0,2,2,1,0,0,2,0,0,0,0,0,1,,2,0,2,1,,responsive
12/3/22 18:25,12/3/22 18:30,0,100,290,1,12/3/22 18:30,anonymous,EN,,,,,,,,,,,,,,,,painted stuff in the house,got me donuts,0.911,17.363,49.143,3,2,0,0,0,0,0,1,1,0,1,0,0,0,1,1,0,1,0,0,0,0,0,0,0,0,0,2,1,0,0,0,1,0,0,0,0,0,1,,2,1,1,1,,responsive
12/3/22 18:22,12/3/22 18:30,0,100,480,1,12/3/22 18:30,anonymous,EN,,,,,,,,,,,,,,,,Bought me.medicines as I was ill,Bought me treats as I was ill,5.725,84.283,84.865,8,2,1,1,1,1,0,1,1,0,1,1,1,1,1,0,1,1,0,1,1,1,0,0,0,0,0,1,1,1,5,0,1,4,3,1,4,1,1,,1,0,1,0,,responsive
12/3/22 18:24,12/3/22 18:30,0,100,362,1,12/3/22 18:30,anonymous,EN,,,,,,,,,,,,,,,,Cooked our evening meal when I had been out all day (I normally do the cooking),de-iced my car,116.854,116.854,150.474,1,2,1,0,0,0,0,1,0,0,1,1,1,0,1,1,1,1,4,1,0,1,1,4,3,3,4,4,5,5,1,2,0,1,1,1,1,0,1,,2,0,2,1,,responsive
12/3/22 18:25,12/3/22 18:30,0,100,302,1,12/3/22 18:30,anonymous,EN,given me a lift,collected groceries,made me a cup of tea,fed the cats,bought me a chocolate gift,kept me warm in bed when cold,helped get the bins in,made me dinner,messaged me,called me,9.588,11.011,103.752,2,2,,,,,,,,0,1,1,1,1,0,1,1,1,1,1,1,1,1,1,1,1,0,0,0,2,4,2,3,0,2,3,2,0,0,1,0,0,4,0,0,1,4,,0,2,1,,unresponsive
12/3/22 18:23,12/3/22 18:30,0,100,411,1,12/3/22 18:30,anonymous,EN,Been supportive emotionally ,Cooked for me ,Hugged me ,Kissed me ,Put my needs first ,Purchased me items I’ve needed ,Been a great friend ,Great lover ,Made me smile ,Made me laugh. ,7.601,130.899,137.073,18,2,,,,,,,,1,1,1,1,1,0,1,1,1,1,1,1,1,1,1,1,1,0,0,0,1,3,1,3,0,1,3,1,0,0,1,0,0,0,0,0,1,1,,0,1,0,,unresponsive
12/3/22 18:27,12/3/22 18:30,0,100,200,1,12/3/22 18:30,anonymous,EN,,,,,,,,,,,,,,,,messaged to check up on me,spent time playing online games with me,16.39,16.39,40.085,1,1,0,0,0,0,0,1,0,0,0,0,0,0,1,1,1,1,2,0,0,0,2,4,2,3,1,3,3,2,1,1,3,1,0,2,0,0,1,,1,0,1,1,,responsive
12/3/22 18:26,12/3/22 18:31,0,100,263,1,12/3/22 18:31,anonymous,EN,,,,,,,,,,,,,,,,Talked  to me when I was feeling down,Helped me out with work when I was struggling,15.446,27.022,48.416,2,1,0,0,0,0,1,1,1,1,0,0,1,1,0,0,1,0,3,0,0,0,4,5,4,4,0,5,5,5,0,0,3,0,0,5,0,0,1,,1,0,1,1,,responsive
12/3/22 18:27,12/3/22 18:31,0,100,256,1,12/3/22 18:31,anonymous,EN,,,,,,,,,,,,,,,,Made my favorite meal,Massaged painful area,14.623,34.601,53.694,3,2,1,1,1,1,1,0,1,1,1,1,1,1,1,1,1,1,2,0,1,0,4,3,2,1,2,3,3,2,0,2,3,1,1,3,0,1,1,,1,0,1,1,,responsive
12/3/22 18:26,12/3/22 18:32,0,100,312,1,12/3/22 18:32,anonymous,EN,,,,,,,,,,,,,,,,Gave me advice when I was upset,Offered me books before giving them away because they know I like reading,14.164,44.716,76.387,3,1,0,0,0,0,0,1,0,0,0,0,0,0,0,0,0,0,0,0,0,0,0,2,0,3,0,3,2,0,0,2,2,0,0,0,0,0,1,,2,0,2,0,,responsive
12/3/22 18:17,12/3/22 18:32,0,100,866,1,12/3/22 18:32,anonymous,EN,made me dinner,hugged me,listened to my issues afterwork,kissed me for making her dinner,made me a hot chocolate without me asking,expressed how much she loves me,bought me a gift,helped me with xmas shopping,helped me with wrapping xmas presents,bought me some paracetamol when i got sick,15.079,436.172,466.739,16,2,,,,,,,,1,1,1,1,1,0,1,1,1,1,1,1,1,1,1,1,0,0,0,0,0,1,0,1,0,2,2,1,0,0,3,0,0,0,0,0,1,4,,0,1,1,,unresponsive
12/3/22 18:23,12/3/22 18:32,0,100,507,1,12/3/22 18:32,anonymous,EN,Opened the door,Made dinner ,Asked how my day was ,Was interested in my work ,Liked my music ,Held my hand ,Did the dishes ,Walked the dog,Put up the Christmas tree ,Hung up frames ,1.486,234.917,245.411,23,2,,,,,,,,1,1,0,0,1,1,1,1,0,1,1,0,0,1,1,0,1,2,4,2,1,3,1,1,2,3,3,1,4,0,0,3,5,1,3,4,1,5,,0,2,0,,unresponsive
12/3/22 18:26,12/3/22 18:32,0,100,346,1,12/3/22 18:32,anonymous,EN,asked me how my day ways,fully and attentively listened to my stories,embraced me and comforted me,offered articles of clothing to keep warm,wrote positive messages,cared about the well fair of others,asked about dreams and aspirations,helped me when I was stressed at work,made me laugh when sorely needed,reminded me of good memories,1.807,144.609,155.546,10,1,,,,,,,,1,1,1,1,1,0,1,1,1,1,1,1,1,1,1,1,1,6,0,5,0,1,0,1,6,2,2,0,0,6,3,6,6,0,4,0,1,2,,0,2,1,,unresponsive
12/3/22 18:28,12/3/22 18:32,0,100,294,1,12/3/22 18:32,anonymous,EN,Went shopping with me when I was stressed,Shared a beer with me,Watched the game together to relax,Came to a performance I was in to support me,Offered to do my washing when I was overwhelmed,Bought cake to share,Laughed and hung out,Offered to study together to motivate me,Offered to make me dinner,Cleaned the house,1.126,119.049,126.681,19,1,,,,,,,,1,0,1,1,1,0,1,1,1,1,1,1,1,1,1,1,2,0,0,1,2,2,0,3,0,3,5,2,0,0,2,1,0,0,0,0,1,4,,0,3,0,,unresponsive
12/3/22 18:18,12/3/22 18:33,0,100,888,1,12/3/22 18:33,anonymous,EN,,,,,,,,,,,,,,,,Bought cakes for afternoon tea,Called to ask about my sick father ,2.038,221.864,223.301,16,1,1,1,1,1,1,0,1,1,1,1,1,1,1,1,1,1,3,0,0,0,3,4,2,5,0,5,5,5,0,0,4,0,0,5,0,0,1,,2,0,2,0,,responsive
12/3/22 18:25,12/3/22 18:33,0,100,464,1,12/3/22 18:33,anonymous,EN,Cooked me dinner ,Told me he loves me ,Supported me emotionally ,Been there for me ,Checked up on me ,Made improvements to my home ,Cleaned for me,Helped out when I didn’t feel good ,Assisted with bills ,Just been himself ,1.449,212.52,232.193,24,2,,,,,,,,0,0,0,0,0,1,0,0,0,0,0,0,0,0,0,0,0,0,0,0,1,1,0,0,0,0,0,0,0,0,0,0,0,0,0,0,1,2,,0,2,0,,unresponsive
12/3/22 18:29,12/3/22 18:34,0,100,299,1,12/3/22 18:34,anonymous,EN,,,,,,,,,,,,,,,,Complimented me ,Checked up on me,3.34,39.774,47.153,11,1,1,1,0,1,0,0,1,1,1,1,1,1,1,1,1,1,0,0,0,0,0,2,0,1,0,1,1,1,0,0,0,0,0,0,0,0,1,,2,0,2,0,,responsive
12/3/22 18:31,12/3/22 18:34,0,100,183,1,12/3/22 18:34,anonymous,EN,,,,,,,,,,,,,,,,Supported me with my mental health,Helped me running the house,5.755,18.092,26.078,2,2,0,0,0,0,0,1,0,0,0,0,1,1,1,1,1,0,0,0,0,0,1,0,0,1,0,1,1,0,0,0,1,0,0,0,0,0,1,,2,0,1,1,,responsive
12/3/22 18:24,12/3/22 18:34,0,100,567,1,12/3/22 18:34,anonymous,EN,,,,,,,,,,,,,,,,Taken the dog out for me,Listened to my problems.,43.548,122.619,134,2,1,0,0,0,0,0,1,0,0,0,0,0,0,0,0,0,0,0,0,0,0,6,6,0,6,0,6,6,6,0,0,5,0,0,0,0,0,1,,2,0,2,1,,responsive
12/3/22 18:28,12/3/22 18:34,0,100,363,1,12/3/22 18:34,anonymous,EN,,,,,,,,,,,,,,,,Kept in touch to make sure I am ok.,Arranged a lovely outing.,13.808,33.576,44.144,2,1,1,1,0,0,0,1,0,0,0,0,0,0,0,0,0,0,1,0,0,0,2,2,1,2,0,4,4,2,0,0,0,0,0,0,0,0,1,,1,0,2,1,,responsive
12/3/22 18:24,12/3/22 18:34,0,100,575,1,12/3/22 18:34,anonymous,EN,Offered to organise my birthday,Supported me with calls while I was having a family issue,Started organising my birthday celebration ,Bought tickets and rung round friends,Given me back my pressure washer,Texted to check up on me,"Just being there, making sure I know I have someone",Asked my advice (she knows I love to help),Checked to see about New Year. We generally do that together,Researched places for new year and shared those,26.788,281.779,282.568,26,1,,,,,,,,1,1,0,1,0,0,1,1,1,1,1,0,1,1,1,1,1,0,0,0,1,4,3,3,0,5,5,3,0,0,3,0,0,0,0,0,1,4,,0,1,0,,unresponsive
12/3/22 18:24,12/3/22 18:34,0,100,596,1,12/3/22 18:34,anonymous,EN,Gave me compliments,Made a meal for me,Made me tea,Did chores,Organised an appointment ,bought me perfume,bought me my favourite chocolate ,Let me have a lie in,washed up,Took care of me,39.801,227.936,249.047,17,2,,,,,,,,1,1,1,1,1,0,1,1,1,1,1,1,1,1,1,1,0,0,0,0,1,1,0,5,0,2,2,3,0,0,2,0,0,0,0,0,1,2,,0,2,1,,unresponsive
12/3/22 18:31,12/3/22 18:35,0,100,237,1,12/3/22 18:35,anonymous,EN,,,,,,,,,,,,,,,,has cooked dinner after I had a bad day at work,Cleaned up the dishes even though I was supposed to,7.944,7.944,32.458,1,2,1,1,1,1,1,0,1,1,1,1,1,1,1,1,1,1,0,0,0,0,1,1,0,0,0,1,1,0,0,0,1,0,0,0,0,2,1,,2,0,1,1,,responsive
12/3/22 18:30,12/3/22 18:35,0,100,300,1,12/3/22 18:35,anonymous,EN,,,,,,,,,,,,,,,,Asked me how i am, bought me a gift,43.587,59.513,66.613,2,2,0,1,1,0,1,0,1,0,1,1,1,1,1,1,0,1,0,0,0,0,1,2,0,1,0,1,2,0,0,0,1,0,0,0,0,1,1,,2,0,2,1,,responsive
12/3/22 18:20,12/3/22 18:35,0,100,936,1,12/3/22 18:35,anonymous,EN,,,,,,,,,,,,,,,,She hasn't ! It just isn't a mutually supportive relationship! What I dream our relationship to be is a form of (quite satisfactorily effective) auto-suggestion.,As above! But this is equally valid from her side!,25.776,228.942,234.291,9,2,0,0,1,1,0,1,1,0,0,0,0,0,1,1,1,0,1,0,0,0,1,3,2,1,0,4,3,3,0,0,2,0,0,0,0,0,1,,4,0,1,1,"My reaction/leaning towards one set of shapes rather than the other was so minimal as to be insignificant, as I really did not feel particularly drawn towards one rather than the other: All depended on whether I concentrated on the overall shape or the inner one... and it varied!  As to relationship, we live 2000km apart; we are exes from 18 years back, but still flirt as though we were on the eve of meeting again... I don't believe we shall, and am fairly certain she thinks likewise. But it gives us a kind of affective raison d’être!  Hope this helps!",responsive
12/3/22 18:30,12/3/22 18:35,0,100,319,1,12/3/22 18:35,anonymous,EN,he went to our house early in the morning to wait for a delivery,he gave me a back rub when i was sore,he made me tea when i was thirsty,he made me a hot water bottle,he reassured me when i was worried,he picked up something from a shop for me,he gave me some of his food,he let me have a sip of his tea,he lifted something heavy for me,he opened a tin for me when i could not do it,12.889,140.157,148.2,13,2,,,,,,,,1,0,1,1,1,0,0,1,0,1,1,1,1,1,1,1,1,1,0,2,0,2,0,1,1,2,3,1,0,1,1,2,1,0,1,1,1,4,,0,2,1,,unresponsive
12/3/22 18:31,12/3/22 18:35,0,100,280,1,12/3/22 18:35,anonymous,EN,messaged me,givenb me medicine when i was ill,called me everyday to see how i was doing,offered to visit me,,,,,,,15.622,81.542,81.548,3,2,,,,,,,,1,0,1,0,0,0,0,1,0,0,1,0,1,1,0,1,4,1,1,1,3,4,3,4,0,2,2,2,1,1,2,1,1,3,1,2,1,3,,0,2,1,,unresponsive
12/3/22 18:31,12/3/22 18:35,0,100,246,1,12/3/22 18:35,anonymous,EN,,,,,,,,,,,,,,,,Gotten me a card and flowers after I got my wisdom teeth out,Went hiking with me,2.316,31.554,46.686,11,2,0,0,0,1,0,1,0,0,0,1,1,0,1,0,1,1,0,0,0,0,0,2,1,0,0,2,4,1,0,1,1,1,0,0,0,0,1,,2,0,1,1,,responsive
12/3/22 18:20,12/3/22 18:36,0,100,924,1,12/3/22 18:36,anonymous,EN,Helped me pick Christmas presents,Helped me make decisions,Gave me advice,Cheered me up,Offered me help,Encouraged me,Checked in with me,Made time for me,Messaged me good morning,Messaged me good night,28.619,644.504,646.06,45,2,,,,,,,,0,0,0,0,0,0,0,0,0,0,0,0,0,0,0,0,3,0,0,0,3,4,3,4,0,4,4,3,0,0,4,1,0,2,0,0,1,3,,0,1,1,,unresponsive
12/3/22 18:31,12/3/22 18:36,0,100,269,1,12/3/22 18:36,anonymous,EN,,,,,,,,,,,,,,,,Listened to me when I talk about my problems ,Drove me to a nice date location and planned the date all by himself ,6.282,35.126,57.068,9,2,1,1,0,0,1,1,1,1,1,1,1,0,0,0,1,1,2,0,0,0,3,4,1,4,0,2,2,3,0,0,1,0,1,0,0,2,1,,3,0,2,0,,responsive
12/3/22 18:29,12/3/22 18:36,0,100,379,1,12/3/22 18:36,anonymous,EN,,,,,,,,,,,,,,,,Made me nice salad sandwiches for lunch when I had said the previous day that I had not had any fpr ages and really felt like eating them,Looked after me when I was ill with a  particularly bad dose of flu,7.13,54.197,84.62,3,2,0,1,0,0,0,1,0,0,0,0,0,1,1,1,1,1,0,2,0,2,0,3,0,0,0,1,2,0,3,2,1,3,2,0,2,5,1,,2,0,1,1,thank you I enjoyed doing the study  I hope my answers help with your research and  I send my best wishes from Scotland,responsive
12/3/22 18:32,12/3/22 18:36,0,100,264,1,12/3/22 18:36,anonymous,EN,,,,,,,,,,,,,,,,Bought me takeaway,Wants to help clean the room,11.964,67.433,87.456,5,1,1,0,1,1,1,0,0,1,0,1,0,0,1,0,0,1,1,1,0,1,2,3,4,2,1,2,3,3,0,1,1,2,1,3,0,0,1,,1,0,1,1,,responsive
12/3/22 18:33,12/3/22 18:36,0,100,172,1,12/3/22 18:36,anonymous,EN,,,,,,,,,,,,,,,,shopping,work,9.908,18.574,22.609,2,1,1,1,0,0,0,1,1,1,1,1,0,1,0,0,0,1,2,2,0,0,2,3,1,2,0,1,3,1,0,0,2,1,0,2,0,0,1,,4,0,1,1,,responsive
12/3/22 18:32,12/3/22 18:37,0,100,266,1,12/3/22 18:37,anonymous,EN,,,,,,,,,,,,,,,,has taken time out of work break to drive me to the doctor,let me use their laptop when my computer broke down,2.158,46.953,98.734,3,1,0,0,0,0,0,1,0,0,0,0,0,0,1,1,1,1,0,0,0,0,0,3,1,1,0,4,3,2,0,0,0,0,0,0,0,0,1,,4,0,1,1,,responsive
12/3/22 18:30,12/3/22 18:37,0,100,450,1,12/3/22 18:37,anonymous,EN,,,,,,,,,,,,,,,,"Last night I had to stay very late at work and didn't finish until after 7 o'clock, so they ordered dinner (delivery) that arrived around 6:15/30 and kept it warm and waited to eat until I was able to be there so we could eat together,",They ordered me a giant case of my favorite candy from Amazon and surprised me with it.,9.655,182.018,247.786,5,2,0,1,1,0,1,1,0,0,0,1,1,1,0,0,1,1,0,0,0,0,0,2,1,1,0,1,2,0,0,0,1,0,0,0,0,0,1,,4,0,2,1,,responsive
12/3/22 18:30,12/3/22 18:37,0,100,474,1,12/3/22 18:37,anonymous,EN,Dug a hole for a pond,Built  shed to house my hens,Made me cups of tea,Brought me a cup of tea in the morning,Walked our dog,Emptied dishwasher,Helped me to move heavy items,Set up TV,Put garden tools in shed,Helped me put things in loft,5.97,198.31,201.7,21,2,,,,,,,,1,1,0,0,1,0,1,1,1,1,1,1,1,1,1,1,6,0,0,0,4,6,6,6,0,6,6,6,0,0,6,0,0,6,0,0,1,1,,0,2,1,I found the relationship details easy as e have just moved into a new house. This meant my husband has to do a lot more work than usualul!,unresponsive
12/3/22 18:29,12/3/22 18:38,0,100,531,1,12/3/22 18:38,anonymous,EN,Cleaned the house while i was at work,Rubs my back when I cough,Bought me allergy medicine  without me asking,Stayed home from work to care for me when I was sick,constant words of affirmation and support regarding my job,Made me coffee each morning ,Made sure to buy extra sparkling water I like without me asking ,Watched christmas movies with me,Took time to plan Christmas decor for the house,Finished work early to be sure he had time to build the Christmas tree with me,4.639,370.356,375.359,57,2,,,,,,,,1,1,1,1,1,0,1,1,1,1,1,1,1,1,1,1,4,0,1,0,4,4,5,5,0,5,5,5,0,3,5,1,1,5,0,1,1,1,,0,2,1,,unresponsive
12/3/22 18:29,12/3/22 18:38,0,100,517,1,12/3/22 18:38,anonymous,EN,Said good morning,Said goodnight,Asked how my day was,Told me i was important to them,Called me when I was feeling down,Shared things with me about their life,Bought me something for no reason,Gave me advice,Told me I was worthy of love,Reminded me I am valuable to them,22.027,122.093,140.681,10,1,,,,,,,,1,0,0,0,1,0,1,1,1,1,0,0,1,0,1,0,0,0,0,0,5,4,1,3,0,2,2,3,0,0,2,0,0,3,0,0,1,1,,0,2,1,,unresponsive
12/3/22 18:22,12/3/22 18:38,0,100,954,1,12/3/22 18:38,anonymous,EN,Tried to make me feel better,Eased my mind about finances,Ran an errand for me,Took care of the dog in my absence,Took dog to groomer when I could not ,Sent cute photos of dog and son,Made sure to see me in passing twice,Got meds for me to feel better,Hung around longer than usual and more often,Made sure to kiss me goodbye bc she knows I hate when she doesnt,29.842,406.081,430.355,17,2,,,,,,,,1,0,0,1,1,1,0,0,0,1,1,1,1,1,1,0,1,3,2,3,1,2,0,2,4,1,4,1,3,3,0,5,5,0,2,2,1,5,,0,1,0,,unresponsive
12/3/22 18:34,12/3/22 18:38,0,100,242,1,12/3/22 18:38,anonymous,EN,Helped with mental health ,made me food,called to check on me ,paid for shopping ,helped me with work,made effort with parents,Looked after the dog ,expressed affection ,planned trips,Let me sleep over,1.671,104.979,111.779,3,2,,,,,,,,0,1,0,1,0,1,1,1,0,0,0,0,0,0,0,1,1,1,2,2,4,2,2,1,1,3,3,2,0,3,4,2,2,2,1,3,1,2,,0,1,1,,unresponsive
12/3/22 18:34,12/3/22 18:38,0,100,266,1,12/3/22 18:38,anonymous,EN,,,,,,,,,,,,,,,,She prepared me dinner when I was tired,she gave me a hug when I was feeling down,13.638,28.691,40.181,2,2,1,1,1,1,1,0,1,1,1,1,1,1,1,1,1,1,0,0,0,0,0,2,0,1,0,3,3,3,0,0,0,0,0,1,0,0,1,,2,0,1,1,,responsive
12/3/22 18:34,12/3/22 18:39,0,100,265,1,12/3/22 18:39,anonymous,EN,Cooked for me,Listened to me,Kissed me,Hugged me,Told me to get home safely,Considered me,Complimented me,Helped me with errands,Let me nap,Excited me,4.568,85.027,85.902,26,2,,,,,,,,1,1,1,1,0,1,0,1,1,0,1,0,1,1,1,1,1,0,0,1,2,1,0,1,0,2,3,0,0,0,1,0,0,0,0,0,1,2,,0,2,0,,unresponsive
12/3/22 18:36,12/3/22 18:39,0,100,196,1,12/3/22 18:39,anonymous,EN,,,,,,,,,,,,,,,,She cooked every meal for me,She gave me some me time so I could game ,3.929,21.642,39.879,3,2,0,0,0,0,0,1,0,0,0,0,0,0,0,0,0,0,2,0,0,0,4,3,2,4,0,5,5,4,0,0,3,0,0,2,0,0,1,,1,0,1,0,,responsive
12/3/22 18:31,12/3/22 18:39,0,100,481,1,12/3/22 18:39,anonymous,EN,Made dinner for me,Made me a cup of tea,Lent me his car,Given me a lift,Moved furniture for me,Bought me chocolate,Asked me how my day was,Gave me a compliment,Listened to me,Helped me with chores,10.574,117.625,127.722,19,2,,,,,,,,1,1,1,1,1,0,1,1,1,1,1,1,1,1,1,1,0,0,0,0,1,2,0,3,0,2,3,2,0,1,2,0,0,0,0,0,1,2,,0,2,0,,unresponsive
12/3/22 18:34,12/3/22 18:39,0,100,282,1,12/3/22 18:39,anonymous,EN,,,,,,,,,,,,,,,,Came to my house ,Bought me birthday presents,4.724,85.028,115.724,6,2,1,0,0,0,0,1,0,0,0,1,1,1,0,1,1,0,1,4,5,4,2,2,3,2,4,4,4,1,3,4,2,4,4,2,4,4,1,,5,0,2,0,,responsive
12/3/22 18:19,12/3/22 18:39,0,100,1230,1,12/3/22 18:39,anonymous,EN,,,,,,,,,,,,,,,,given helpful advice,helped lift my spirits talking about the Christmas season,17.97,31.354,152.455,2,1,1,1,1,1,0,1,0,0,1,1,0,1,1,1,1,1,2,0,0,0,2,5,2,4,0,5,5,2,0,0,2,2,0,0,0,2,1,,2,0,2,1,,responsive
12/3/22 18:36,12/3/22 18:39,0,100,230,1,12/3/22 18:39,anonymous,EN,,,,,,,,,,,,,,,,He has helped me a lot with my son and my nephew. ,He always offers himself with something to do for me.,13.46,13.928,47.428,2,2,0,1,0,1,1,1,1,1,1,1,1,0,0,1,1,1,0,0,0,0,0,0,1,0,0,5,5,1,0,2,4,0,0,0,0,0,1,,1,0,2,1,I enjoyed taking part in this survey!,responsive
12/3/22 18:31,12/3/22 18:39,0,100,506,1,12/3/22 18:39,anonymous,EN,,,,,,,,,,,,,,,,Dropped my prescription medication off,Taken me to the garage to collect my car,10.92,109.84,111,7,1,0,0,0,0,0,0,0,0,0,1,1,1,1,0,1,0,0,0,0,0,0,2,0,1,1,3,3,1,0,0,0,0,0,0,2,2,1,,2,0,2,0,,responsive
12/3/22 18:37,12/3/22 18:40,0,100,152,1,12/3/22 18:40,anonymous,EN,,,,,,,,,,,,,,,,Made dinner,Grocery shopping for me,5.009,8.048,18.113,2,1,1,1,1,1,1,0,1,1,1,1,1,1,1,1,1,1,2,0,0,0,5,4,4,6,0,4,5,4,0,0,1,0,0,4,0,1,1,,1,0,1,1,,responsive
12/3/22 18:28,12/3/22 18:40,0,100,678,1,12/3/22 18:40,anonymous,EN,Listened,Helped carry bags,Cleaned the bathroom ,Made lunch,Made drinks,Picked up from work ,Took out the bins,Tidied up,Cleaned the car ,Drove to the shops,1.849,280.58,365.7,44,2,,,,,,,,1,1,1,1,1,0,1,1,1,1,1,1,1,1,1,1,2,0,0,0,3,3,1,4,0,6,5,2,0,0,5,0,0,1,0,0,1,2,,1,2,0,,unresponsive
12/3/22 18:27,12/3/22 18:40,0,100,775,1,12/3/22 18:40,anonymous,EN,said I love you,cooked me dinner,fixed my coffee,fed the cats for me,sent pic of spiritual quote,brought me coffee at work,asked me what movie I want to watch,charged my computer,brushed all 3 cats,pushed the shopping cart,30.51,277.198,315.906,15,1,,,,,,,,0,0,0,1,1,1,0,0,0,0,1,1,0,0,0,0,6,1,0,0,5,6,6,6,0,6,6,6,0,0,5,1,1,6,0,1,1,1,,0,2,1,thank you for this interesting study,unresponsive
12/3/22 18:37,12/3/22 18:40,0,100,164,1,12/3/22 18:40,anonymous,EN,,,,,,,,,,,,,,,,Talked me through a stressful day,Took me out to dinner,5.082,32.713,52.558,2,2,0,0,0,0,0,1,0,0,1,0,0,1,1,0,1,1,2,1,0,1,3,3,4,3,0,3,3,3,0,2,2,2,1,1,1,1,1,,2,0,2,1,,responsive
12/3/22 18:37,12/3/22 18:40,0,100,182,1,12/3/22 18:40,anonymous,EN,,,,,,,,,,,,,,,,Reached out when I was down,Sent me a package in the mail,5.867,15.515,23.967,3,1,1,1,1,1,1,0,1,1,1,1,1,1,1,1,1,1,0,1,0,0,0,2,0,0,3,1,2,0,3,1,0,2,3,0,5,0,1,,3,0,2,1,,responsive
12/3/22 18:37,12/3/22 18:40,0,100,218,1,12/3/22 18:40,anonymous,EN,Cooked for me,Invited me to go bouldering,Paid for my bouldering,,,,,,,,6.175,52.444,52.446,4,1,,,,,,,,1,1,1,1,0,0,1,1,1,1,1,0,0,0,1,1,1,0,0,0,4,1,1,3,0,4,3,0,0,3,3,2,0,0,0,0,1,5,,0,1,1,,unresponsive
12/3/22 18:36,12/3/22 18:40,0,100,263,1,12/3/22 18:40,anonymous,EN,,,,,,,,,,,,,,,,He will call me to wake me up for work even though we have 8 hours difference between us,Always put me before anyone else.,10.648,58.431,59.638,3,2,0,0,0,0,0,1,0,0,0,0,0,0,0,0,0,0,0,0,0,0,2,2,2,1,0,2,2,2,0,1,0,0,3,3,1,1,1,,1,0,2,1,,responsive
12/3/22 18:36,12/3/22 18:40,0,100,288,1,12/3/22 18:40,anonymous,EN,talked to me,went to coffee together,gave me support,told me a joke,made me laugh,showed confidence in me,helped me with a ride,thanked me for my friendship,gave me advice,asked me questions,26.467,26.467,87.666,1,1,,,,,,,,1,1,1,1,1,0,1,1,1,1,1,1,1,1,1,1,2,0,0,0,1,3,2,3,0,3,3,2,0,0,1,0,0,0,0,1,1,4,,0,1,1,,unresponsive
12/3/22 18:35,12/3/22 18:41,0,100,331,1,12/3/22 18:41,anonymous,EN,been a partner,walked the dog,agreed to go to an appointment with me,lent me money,let me sleep in,gave me some time alone,helped me decorate the tree,defended me,bought me coffee,cleaned the dishes,9.689,122.36,136.444,2,2,,,,,,,,0,0,0,0,1,1,0,0,1,1,0,0,1,1,1,0,0,0,0,0,2,3,0,2,0,5,5,0,0,0,0,0,0,2,0,0,1,5,,1,2,1,,unresponsive
12/3/22 18:30,12/3/22 18:41,0,100,669,1,12/3/22 18:41,anonymous,EN,Helped with advice on technology. ,Sent positive messages on social media. ,Sent funny videos. ,Shared jokes. ,Sent Text messages.,Gave advice about consumer products. ,Sent music recommendations. ,Sent pictures on social media. ,Sent youtube videos. ,Was kind. ,1.909,259.154,265.08,28,1,,,,,,,,1,1,1,1,0,1,0,1,1,1,1,1,1,1,1,0,1,0,0,0,1,2,0,2,0,2,3,1,0,0,2,0,0,0,0,0,1,2,,0,1,0,,unresponsive
12/3/22 18:25,12/3/22 18:41,0,100,958,1,12/3/22 18:41,anonymous,EN,Asked how I was doing,Came shopping with me,Made me laugh,Went to lunch together,Offered a car ride,Planned a trip for holidays,Bought me chocolate,Watched movie together,Hugged me,Kissed me,28.32,579.106,619.328,16,1,,,,,,,,1,1,1,1,1,0,1,1,1,1,1,1,1,1,1,1,2,0,0,0,1,3,2,1,0,0,0,1,0,0,0,0,0,0,0,0,1,4,,0,2,1,,unresponsive
12/3/22 18:33,12/3/22 18:41,0,100,511,1,12/3/22 18:41,anonymous,EN,be kind,massage,smile,tells me how I look,compliments,,,,,,31.313,152.256,152.28,11,1,,,,,,,,1,0,0,0,1,1,0,0,0,0,0,0,1,1,1,0,4,0,0,0,5,5,4,5,2,3,5,5,0,0,5,0,0,3,2,1,1,4,,0,2,1,,unresponsive
12/3/22 18:36,12/3/22 18:41,0,100,316,1,12/3/22 18:41,anonymous,EN,,,,,,,,,,,,,,,,Hugged and cuddled me.,Reassured me when I have doubted myself,9.883,75.428,76.277,5,2,0,0,1,1,1,1,0,0,0,1,1,1,0,1,1,1,5,0,0,0,3,6,3,5,0,6,6,4,0,0,5,0,0,3,0,0,1,,2,0,2,0,,responsive
12/3/22 18:36,12/3/22 18:41,0,100,310,1,12/3/22 18:41,anonymous,EN,Bought me food,Given me a hoody,Came to see me,Told me I look nice,Got things ready for me to get out of the shower ,Made me feel good,Got me a drink,Walked my dog for me ,Gave me hugs,Made me laugh ,1.224,139.074,140.501,20,2,,,,,,,,1,1,0,1,1,0,1,1,1,1,1,1,1,0,1,1,1,0,2,0,1,2,1,1,0,1,3,2,0,0,1,0,0,2,0,1,1,2,,0,2,0,,unresponsive
12/3/22 18:38,12/3/22 18:41,0,100,196,1,12/3/22 18:41,anonymous,EN,,,,,,,,,,,,,,,,Took our child to school while I was sick,comforted me when I was sick,19.266,19.266,43.883,1,2,0,1,1,1,0,0,1,0,1,0,0,1,1,1,1,1,0,0,0,0,1,2,1,3,0,5,3,3,0,0,1,0,0,2,0,0,1,,1,0,1,1,,responsive
12/3/22 18:37,12/3/22 18:42,0,100,300,1,12/3/22 18:42,anonymous,EN,wash dishes,make tea,,,,,,,,,16.367,42.954,42.959,2,2,,,,,,,,0,1,0,1,0,1,1,1,0,1,0,1,1,1,1,1,0,1,0,1,0,0,0,0,0,0,1,0,0,1,1,2,3,0,2,2,1,4,,0,2,1,,unresponsive
12/3/22 18:38,12/3/22 18:42,0,100,234,1,12/3/22 18:42,anonymous,EN,,,,,,,,,,,,,,,,did the dishes,took out the trash,5.448,5.448,17,1,2,0,0,0,0,0,1,0,0,0,0,0,0,0,0,0,0,2,0,0,1,2,2,0,2,0,1,1,1,0,1,1,1,0,0,0,0,1,,1,0,3,1,,responsive
12/3/22 18:35,12/3/22 18:42,0,100,417,1,12/3/22 18:42,anonymous,EN,Bought me food,Helped me with work decision,Listened to me,Communicated when I made a mistake,Prayed for me at night,Stayed at my house ,Went gym with me,Looked after me,Cooked for me,Called me,35.959,35.959,198.142,1,2,,,,,,,,0,0,0,0,0,1,0,0,0,0,0,0,0,0,1,1,1,0,0,0,2,1,0,2,0,1,2,1,0,0,1,0,0,2,0,0,1,3,,0,1,1,,unresponsive
12/3/22 18:38,12/3/22 18:42,0,100,226,1,12/3/22 18:42,anonymous,EN,,,,,,,,,,,,,,,,Made me lemon squares,Given words of encouragement,16.654,16.654,34.205,1,2,0,1,0,1,0,0,0,0,1,1,1,0,0,1,1,0,2,0,0,0,3,5,1,3,0,5,6,4,0,0,3,1,0,3,0,0,1,,1,0,1,1,,responsive
12/3/22 18:37,12/3/22 18:42,0,100,331,1,12/3/22 18:42,anonymous,EN,,,,,,,,,,,,,,,,Gone shopping for me,Cooked me dinner,20.705,40.258,58.802,7,2,1,1,0,0,0,1,1,1,1,0,1,0,1,1,1,0,0,0,0,0,0,2,0,1,0,2,2,2,0,0,1,0,0,0,0,0,1,,1,0,2,0,,responsive
12/3/22 18:36,12/3/22 18:43,0,100,427,1,12/3/22 18:43,anonymous,EN,,,,,,,,,,,,,,,,He made dinner while I was at work,"He washed ,dried and folded all of the laundry while I was gone",27.013,103.974,106.507,3,2,1,1,1,1,1,0,1,1,1,1,1,1,1,1,1,1,3,0,0,0,4,4,3,6,0,6,6,5,0,0,2,0,0,3,0,0,1,,1,0,2,1,,responsive
12/3/22 18:34,12/3/22 18:43,0,100,559,1,12/3/22 18:43,anonymous,EN,,,,,,,,,,,,,,,,Made a cup of tea ,Brought in heavyweight bags from the car,14.084,81.945,82.81,7,2,1,1,1,1,1,0,1,1,1,1,1,1,1,1,1,1,1,0,0,0,1,4,0,4,0,3,4,4,0,0,1,0,0,1,0,0,1,,2,0,2,0,,responsive
12/3/22 18:37,12/3/22 18:43,0,100,383,1,12/3/22 18:43,anonymous,EN,Cooked,Supported,Cleaned,Worked,Company,Laughed,Financed,Helped,Listened,Surprised ,6.709,98.056,111,16,2,,,,,,,,1,0,1,1,1,0,1,1,0,1,1,0,1,1,1,1,1,0,0,0,2,2,1,2,0,2,2,2,0,0,3,0,0,4,0,0,1,3,,0,2,0,,unresponsive
12/3/22 18:41,12/3/22 18:44,0,100,163,1,12/3/22 18:44,anonymous,EN,,,,,,,,,,,,,,,,Made me meals to eat,Made sure I've taken my medicine,5.835,5.835,23.372,1,2,,,,,,,,,,,,,1,,,,0,0,0,0,2,1,0,1,0,2,2,0,0,0,0,0,0,0,0,0,1,,2,0,2,1,,responsive
12/3/22 18:39,12/3/22 18:44,0,100,343,1,12/3/22 18:44,anonymous,EN,laundry,cleaning,emotional support,cooking,buying presents,dealing with finances,being affectionate,help with work,watch a movie with me,help a friend of mine,10.413,146.074,147.177,12,2,,,,,,,,0,0,0,0,0,1,1,1,1,1,1,1,1,1,1,1,0,0,0,0,0,0,0,0,0,1,3,3,0,0,2,0,0,0,0,0,1,4,,0,1,1,,unresponsive
12/3/22 18:37,12/3/22 18:44,0,100,434,1,12/3/22 18:44,anonymous,EN,,,,,,,,,,,,,,,,Made dinner,Help do something i didnt have time for,0.898,29.153,52.786,6,2,0,0,0,0,0,0,0,0,0,0,1,0,1,1,1,0,1,0,4,2,0,2,1,1,4,2,2,2,2,2,2,2,2,1,3,3,1,,2,1,1,0,Pictures wouodve been better if done on desktop,responsive
12/3/22 18:40,12/3/22 18:44,0,100,259,1,12/3/22 18:44,anonymous,EN,,,,,,,,,,,,,,,,Shared her own struggles,Offered selflessly her time,3.518,33.361,33.901,3,1,1,1,1,1,1,1,0,0,0,1,0,0,0,0,1,0,4,0,1,0,4,5,4,5,1,6,5,4,1,1,5,4,2,3,0,0,1,,1,0,2,0,,responsive
12/3/22 18:40,12/3/22 18:45,0,100,267,1,12/3/22 18:45,anonymous,EN,,,,,,,,,,,,,,,,supported during stressful time,helped in everything i needed,7.644,7.644,29.268,1,2,1,1,1,1,0,1,0,1,1,1,1,1,0,1,1,1,0,0,0,0,2,1,3,0,0,0,0,3,0,0,0,0,0,0,0,0,1,,3,0,2,1,,responsive
12/3/22 18:41,12/3/22 18:45,0,100,233,1,12/3/22 18:45,anonymous,EN,,,,,,,,,,,,,,,,Checked up to see if I was okay after I hadn't messaged them.,Helped me with admin tasks.,18.286,34.474,41.866,2,1,0,1,0,0,0,1,0,0,0,1,1,0,0,0,0,1,2,0,0,0,2,3,2,2,0,2,3,2,0,0,2,0,0,1,0,0,1,,2,0,2,1,,responsive
12/3/22 18:37,12/3/22 18:46,0,100,533,1,12/3/22 18:46,anonymous,EN,listened to me patiently,helped me with tasks,spent time with me,supported me,showed me how to do new things,checked my well being,showed interest in my hobbies,helped me remember stuff,made me feel appreciated,cooked a meal for me,41.154,333.995,340.663,5,2,,,,,,,,1,1,1,1,1,0,1,1,1,1,1,1,1,1,1,1,3,0,0,0,3,3,2,3,0,5,5,3,0,0,4,0,0,3,0,0,1,3,,0,1,1,,unresponsive
12/3/22 18:33,12/3/22 18:46,0,100,774,1,12/3/22 18:46,anonymous,EN,breakfast in bed,washed the dishes,comforted me,listened to my stories,did errands for me,gave a massage,always there to be supportive to my needs,can trust them to hold in a secret,always kind and generous,very giving,485.937,578.748,589.461,5,2,,,,,,,,1,1,1,1,1,0,1,1,1,1,1,1,1,1,1,1,4,1,1,0,5,5,3,4,0,2,3,2,0,2,4,3,1,2,2,2,1,4,,0,1,1,,unresponsive
12/3/22 18:41,12/3/22 18:46,0,100,309,1,12/3/22 18:46,anonymous,EN,done the washing up,ordered me take away,bought me stuff from the supermarket,hugged me,told me i look pretty,helped me write an email,laughed at my jokes,booked me a birthday lunch,hung out my washing,asked me how i am,13.707,79.05,135.631,7,1,,,,,,,,0,0,0,0,0,0,1,0,0,1,1,0,1,1,1,1,2,3,2,3,1,4,2,2,2,1,2,1,2,4,3,3,3,2,3,3,1,3,,0,2,1,none,unresponsive
12/3/22 18:41,12/3/22 18:46,0,100,312,1,12/3/22 18:46,anonymous,EN,,,,,,,,,,,,,,,,She helped me with my project for work,she went to get my suit from the dry cleaners,15.736,72.725,110.521,3,2,1,0,1,1,1,0,1,1,1,1,1,1,1,1,1,1,4,0,0,0,4,5,3,4,0,5,5,5,0,0,5,0,0,3,0,0,1,,1,0,1,1,,responsive
12/3/22 18:40,12/3/22 18:46,0,100,373,1,12/3/22 18:46,anonymous,EN,Offered to visit me,Offered to bring me dinner,Helped me with living expenses (I'm still a student and only have time to work part-time),Sent me shark GIFs (I love sharks),Sent me information relevant to my degree,Played video games with me online (they work away sometimes),Sent me good morning/good night messages,Made time to chat with me on the phone,Planned an anniversary date with me,Reminded me of my good qualities,8.364,168.313,188.575,17,2,,,,,,,,1,1,1,1,1,0,1,0,1,1,1,1,1,1,1,1,2,0,0,0,2,3,2,2,1,4,4,2,1,3,4,1,1,1,1,1,1,2,,0,2,1,,unresponsive
12/3/22 18:43,12/3/22 18:46,0,100,187,1,12/3/22 18:46,anonymous,EN,cooked me dinner,picked me up from work,shopped for me,kissed me,hugged me,smiled at me,been considerate of my plans,washed the dishes,baked me cookies,made me a card,2.049,2.049,60.942,1,2,,,,,,,,1,0,1,1,1,0,1,1,1,1,1,1,1,1,1,1,2,1,3,3,2,4,3,2,3,4,1,3,2,3,2,2,2,3,3,2,1,2,,0,1,1,,unresponsive
12/3/22 18:42,12/3/22 18:46,0,100,234,1,12/3/22 18:46,anonymous,EN,,,,,,,,,,,,,,,,He cleaned the hallway rug.,He bought food I had wanted without being asked.,13.191,13.191,32.515,1,2,1,1,1,1,1,0,1,1,1,1,1,1,1,1,1,1,2,0,0,0,3,3,1,3,0,5,5,3,0,0,2,0,3,3,0,0,1,,1,0,2,1,,responsive
12/3/22 18:42,12/3/22 18:46,0,100,274,1,12/3/22 18:46,anonymous,EN,,,,,,,,,,,,,,,,Cooked dinner,Prepared Christmas decorations,7.088,7.088,46.049,1,2,1,1,1,1,1,0,1,1,1,1,1,1,1,1,1,1,3,0,0,0,4,4,4,2,0,0,5,4,0,0,4,0,0,2,0,0,1,,4,0,1,1,,responsive
12/3/22 18:40,12/3/22 18:46,0,100,390,1,12/3/22 18:46,anonymous,EN,,,,,,,,,,,,,,,,Washed dishes several times ,Told me to take my time getting home meaning I got to go skateboarding ,7.199,47.356,77.158,8,2,1,1,1,1,1,0,1,1,1,1,1,1,1,1,1,1,3,3,4,2,2,2,1,4,1,5,5,2,0,1,3,2,2,2,3,4,1,,2,1,1,0,,responsive
12/3/22 18:41,12/3/22 18:46,0,100,325,1,12/3/22 18:46,anonymous,EN,cared for me,spoke to me with patience,apologised after fight,asked if I was okay every time I didn't seem so,asked if I slept well,asked if I ate properly  (I have an eating disorder),showed reassurance during a difficult conversation,did no judge me when I was agitated,speaks to me gently and with kindness,complimented me multiple times,3.346,139.212,149.664,13,2,,,,,,,,0,0,0,0,0,1,0,0,1,0,1,1,0,1,0,0,2,2,0,2,1,2,0,3,3,3,4,3,4,2,3,4,4,0,3,1,1,1,,0,2,1,"Very interesting and emotional survey, unlike others.",unresponsive
12/3/22 18:40,12/3/22 18:47,0,100,412,1,12/3/22 18:47,anonymous,EN,cooked meals,drove me to places I needed to go,listened to my problems,comforted me,bought me chocolates,tidied house,bought birthday dinner,kept me company,made me laugh when I was stressed,accepted me as i am,8.23,146.318,169.94,14,2,,,,,,,,0,1,0,1,0,1,1,1,1,1,1,1,1,1,1,1,2,0,0,0,1,5,0,2,1,3,6,3,0,0,2,0,0,0,0,0,1,1,,0,2,1,,unresponsive
12/3/22 18:38,12/3/22 18:47,0,100,514,1,12/3/22 18:47,anonymous,EN,Phoned me just to say hi,Bought me dinner ,Hugged me,Told me i was beautiful,Did fhe washing,Bought me flowes for no reason ,Let me have my own space ,Sang me my favourite song,Sent me funny memes,Explained the constellations to me,1.434,262.347,263.045,38,2,,,,,,,,0,0,0,0,0,1,0,0,0,0,0,0,0,0,1,1,1,0,0,0,2,3,0,1,0,4,4,1,0,1,1,0,0,0,0,1,1,4,,0,2,0,,unresponsive
12/3/22 18:38,12/3/22 18:47,0,100,502,1,12/3/22 18:47,anonymous,EN,,,,,,,,,,,,,,,,My partner cooked a delicious meal for me.,My partner offered to do the dishes after I cooked.,45.813,85.995,181.602,2,2,1,1,1,1,1,0,1,1,1,1,1,1,1,1,1,1,0,0,0,0,0,1,0,4,0,6,6,3,6,0,0,0,0,0,0,1,1,,1,0,2,1,,responsive
12/3/22 18:42,12/3/22 18:47,0,100,301,1,12/3/22 18:47,anonymous,EN,Cooked dinner,Cleaned house,Picked up child,Gave me a massage,Took child to doctor,Went grocery shopping,Brought suit to drycleaners,Cut my hair,Baked a cake,Paid bills,6.418,6.418,110.023,1,2,,,,,,,,0,0,0,0,0,1,0,0,0,0,0,0,0,0,0,0,1,0,0,0,4,4,3,4,0,6,6,4,0,0,4,0,0,5,0,0,1,3,,0,1,1,none,unresponsive
12/3/22 18:43,12/3/22 18:47,0,100,229,1,12/3/22 18:47,anonymous,EN,cooked,washed up,cleaned,got cooking ingredients,purchased Christmas presents,dropped me off at station,picked me up at station,accompany me at walk,helped me cook,gave cuddles,4.106,113.788,114.437,13,2,,,,,,,,1,1,1,1,1,0,1,1,1,1,1,1,1,1,0,1,0,0,0,0,0,0,0,0,0,0,0,0,0,0,0,0,0,0,0,0,1,1,,0,1,1,,unresponsive
12/3/22 18:39,12/3/22 18:47,0,100,474,1,12/3/22 18:47,anonymous,EN,,,,,,,,,,,,,,,,cooked for me and spoon fed me during my sickness,helped me prpeare for exams,43.002,72.482,111.482,7,2,1,1,1,1,1,0,1,0,1,0,1,1,1,1,1,1,5,0,0,0,4,5,5,5,0,5,4,5,4,1,5,1,1,3,1,1,1,,2,0,2,1,,responsive
12/3/22 18:42,12/3/22 18:47,0,100,273,1,12/3/22 18:47,anonymous,EN,,,,,,,,,,,,,,,,Helped me with the Christmas lights ,Asked me whether I’d rather watch strictly or football ,8.871,65.284,65.331,9,1,0,0,0,0,0,1,0,0,1,0,1,0,0,0,0,0,2,4,0,2,0,1,1,1,0,3,2,1,0,0,0,3,1,0,2,1,1,,2,0,2,1,,responsive
12/3/22 18:43,12/3/22 18:47,0,100,223,1,12/3/22 18:47,anonymous,EN,,,,,,,,,,,,,,,,Listened to my worries regarding work,spent time with me when asked,13.245,36.94,61.201,2,2,0,0,0,1,0,1,1,1,1,1,0,1,1,1,1,0,5,0,0,0,5,5,1,5,0,3,5,5,0,0,4,0,0,4,0,1,1,,4,0,1,1,,responsive
12/3/22 18:42,12/3/22 18:47,0,100,306,1,12/3/22 18:47,anonymous,EN,,,,,,,,,,,,,,,,She borrowed me some money ,She came over for some cocktails ,1.665,43.417,46.243,5,1,0,0,0,0,0,1,1,1,1,0,0,1,1,1,0,1,5,0,0,1,5,5,4,6,0,6,6,4,0,0,3,0,0,6,0,2,1,,2,0,2,0,,responsive
12/3/22 18:42,12/3/22 18:47,0,100,308,1,12/3/22 18:47,anonymous,EN,Bought me lunch,Helped with groceries,Took the dog out for me,Took a nap with me when I was tired,Let me get a treat at the store,Gave me a neck massage,Helped calm me down when I was stressed,Cooked dinner,Took out the trash,Ran errands with me,1.148,126.289,139.401,22,2,,,,,,,,1,1,1,1,1,0,1,1,1,1,1,1,1,1,1,1,0,1,2,0,1,3,1,5,0,1,2,2,0,0,1,0,1,0,0,2,1,1,,0,2,0,,unresponsive
12/3/22 18:40,12/3/22 18:47,0,100,456,1,12/3/22 18:47,anonymous,EN,,,,,,,,,,,,,,,,Sent me a podcast she thought i'd be interested in,Massaged myback when it was hurting ,7.269,122.248,123.138,12,2,1,1,1,1,1,0,1,1,1,1,1,1,1,1,1,1,1,0,0,0,2,2,1,2,0,2,2,2,0,1,1,0,0,0,0,0,1,,4,0,1,0,,responsive
12/3/22 18:45,12/3/22 18:48,0,100,164,1,12/3/22 18:48,anonymous,EN,,,,,,,,,,,,,,,,Carried my bags to my car for me,Made me breakfast,19.748,26.697,34.226,2,2,1,0,0,1,0,1,0,0,0,0,1,0,0,0,1,1,1,0,0,0,3,2,1,1,0,1,1,1,0,0,1,0,0,1,0,1,1,,1,0,2,1,,responsive
12/3/22 18:41,12/3/22 18:48,0,100,423,1,12/3/22 18:48,anonymous,EN,listened to me vent,reminded me it's okay to rest when i'm unwell,reminded me to eat,reminded me to drink,listened to me ramble on about things,help me decide what action to take,reassured me it's okay not to perform to the standard i hold myself,stayed up to talk to me when i was most unwell,not made me feel like she's too busy for me,sent me cute animal photos and videos,15.848,111.999,122.154,10,1,,,,,,,,0,0,0,1,1,1,0,0,0,0,1,0,1,0,0,1,3,1,0,1,0,4,2,2,0,3,5,2,0,2,1,1,0,1,0,1,1,2,,0,3,1,The similar shapes question and the mood matrix both automatically came up with 'you have unanswered questions on this page' things I had to say no to,unresponsive
12/3/22 18:36,12/3/22 18:48,0,100,759,1,12/3/22 18:48,anonymous,EN,Messaged me ,Asked if I am ok ,Asked me about future plans for the new year ,Told me not to worry about the uncontrollable ,Reminded me of some things to look forward to ,Told me to enjoy the next year ,Asked how I am feeling about my job ,Reached out to check on me ,Reminded me my favourite programme was on ,Makes plans to go Christmas shopping with me ,11.106,341.606,364.382,39,1,,,,,,,,1,1,1,1,1,0,1,1,1,1,1,1,1,1,1,1,4,2,0,2,2,5,5,6,0,4,6,4,0,0,3,1,1,4,1,0,1,2,,0,2,0,,unresponsive
12/3/22 18:45,12/3/22 18:48,0,100,195,1,12/3/22 18:48,anonymous,EN,,,,,,,,,,,,,,,,supportive,attentive,1.422,28.527,28.827,5,1,1,1,1,1,1,0,1,1,1,1,1,1,1,1,1,1,0,0,0,0,0,2,0,0,0,0,5,0,0,0,0,0,5,0,2,1,1,,4,0,2,1,,responsive
12/3/22 18:43,12/3/22 18:49,0,100,334,1,12/3/22 18:49,anonymous,EN,,,,,,,,,,,,,,,,bringing me coffee to bed because i've been struggling to wake up ,hiding an emergency chocolate stash incase I need some chocolate,36.533,57.839,75.348,5,2,1,1,1,1,0,1,1,0,0,1,1,1,0,0,1,0,5,3,2,3,2,5,5,5,0,4,4,5,0,2,4,0,0,1,0,0,1,,1,0,2,1,,responsive
12/3/22 18:44,12/3/22 18:49,0,100,291,1,12/3/22 18:49,anonymous,EN,Made time for me,Refilled my water,Hugged me,Complimented me,Listened to how my day was,Texted me funny things,Got me something they thought I'd like,Drove me somewhere,Made dinner with me,Ate with me,1.532,96.566,100.2,16,2,,,,,,,,1,1,1,1,0,0,0,0,1,1,1,1,1,1,1,1,1,0,0,0,3,2,2,3,0,4,4,2,0,0,4,0,0,2,0,0,1,2,,0,1,1,,unresponsive
12/3/22 18:43,12/3/22 18:49,0,100,332,1,12/3/22 18:49,anonymous,EN,,,,,,,,,,,,,,,,made me a cup of tea ,bought me a cake,32.055,32.055,48.741,1,2,1,1,1,1,1,0,1,1,1,1,1,1,1,1,1,1,2,0,0,0,2,5,4,4,0,3,5,4,0,0,2,0,1,0,1,0,1,,2,0,2,1,,responsive
12/3/22 18:44,12/3/22 18:49,0,100,306,1,12/3/22 18:49,anonymous,EN,,,,,,,,,,,,,,,,Money help,Nothing else,4.63,73.446,84.178,21,2,0,1,1,1,0,0,1,1,1,1,0,1,1,1,1,1,4,0,1,0,3,6,3,4,0,6,3,2,0,0,3,0,0,1,0,0,1,,5,0,1,0,Interesting study,responsive
12/3/22 18:44,12/3/22 18:50,0,100,334,1,12/3/22 18:50,anonymous,EN,,,,,,,,,,,,,,,,Took me to work,Bought me shopping,1.728,17.226,26.782,3,2,0,0,0,0,0,1,0,0,0,0,0,0,0,0,0,0,1,1,2,3,1,1,0,3,2,1,0,1,0,2,0,4,3,1,2,3,1,,1,0,2,0,,responsive
12/3/22 18:38,12/3/22 18:50,0,100,721,1,12/3/22 18:50,anonymous,EN,,,,,,,,,,,,,,,,Supported me in making a decision,Accepted my point of view,3.008,69.815,91.978,8,2,1,0,1,1,1,0,1,1,0,1,1,1,0,1,1,1,4,1,0,1,4,4,4,5,1,4,5,4,2,3,2,2,2,3,3,1,1,,2,0,2,0,,responsive
12/3/22 18:46,12/3/22 18:50,0,100,251,1,12/3/22 18:50,anonymous,EN,,,,,,,,,,,,,,,,Made me dinner,CAme to the hospital with me,20.933,20.933,53.575,1,1,1,1,0,1,1,0,0,1,0,1,1,0,1,1,1,1,1,0,0,0,1,2,0,0,0,0,2,1,0,0,1,0,0,0,0,0,1,,2,0,1,1,,responsive
12/3/22 18:44,12/3/22 18:50,0,100,350,1,12/3/22 18:50,anonymous,EN,,,,,,,,,,,,,,,,Brought me a cup of tea in the morning,Cooked supper for me,1.906,50.562,70.154,7,2,0,0,0,1,1,1,0,0,0,0,1,0,1,1,1,1,0,0,0,1,1,2,1,2,3,3,3,1,3,4,2,5,2,1,1,4,1,,1,0,2,1,,responsive
12/3/22 18:46,12/3/22 18:50,0,100,229,1,12/3/22 18:50,anonymous,EN,,,,,,,,,,,,,,,,Brought fast food home,Hugged me after work,12.558,12.558,29.491,1,1,1,0,0,0,0,0,1,1,0,1,0,1,0,1,0,0,3,4,2,3,4,2,2,4,2,2,3,3,1,0,3,2,2,0,1,2,1,,1,0,1,1,,responsive
12/3/22 18:46,12/3/22 18:50,0,100,227,1,12/3/22 18:50,anonymous,EN,,,,,,,,,,,,,,,,Drive me to the station ,Cook me dinner ,3.075,16,25.877,3,2,1,1,1,1,1,0,1,1,1,1,1,1,1,1,1,1,3,0,1,0,3,2,2,3,1,3,3,2,2,1,3,1,0,2,1,3,1,,1,0,1,0,,responsive
12/3/22 18:44,12/3/22 18:50,0,100,385,1,12/3/22 18:50,anonymous,EN,,,,,,,,,,,,,,,,bought me membership to an online game,said good morning to me each morning ,21.901,39.526,53.256,2,1,0,0,0,0,0,1,0,0,0,0,0,0,0,0,0,0,1,0,0,0,3,4,0,2,1,2,3,3,0,0,2,1,0,3,0,0,1,,2,0,1,1,,responsive
12/3/22 18:45,12/3/22 18:51,0,100,325,1,12/3/22 18:51,anonymous,EN,washed my car,gave me a kiss,cuddled me,cooked my meals,said she loved me,ran me a bath,took me shopping,sang to me,washed my clothes,bought me a present,4.775,100.554,101.481,7,2,,,,,,,,0,0,0,0,0,0,0,0,1,0,1,0,1,1,0,0,4,0,0,0,5,5,4,4,0,5,5,4,0,0,4,0,0,4,0,0,1,1,,0,1,1,,unresponsive
12/3/22 18:46,12/3/22 18:51,0,100,252,1,12/3/22 18:51,anonymous,EN,Cooked me breakfast,Took me to a gig,Offered to pay for my food ,Offered to fix my lamp,Changed his plans for me,Walked me somewhere,Bought me a drink,Sent me romantic texts,Made me smile,Bought me a drink,1.18,104.848,105.439,23,2,,,,,,,,1,0,1,0,1,0,1,0,1,1,1,1,1,1,1,1,,,,,,,,,,,,,,,,,,,,,1,1,,0,2,0,,unresponsive
12/3/22 18:45,12/3/22 18:51,0,100,362,1,12/3/22 18:51,anonymous,EN,Reminded me to drink water,Reminded me to eat ,Reminded me about my daily meditation session,Helped me clean my room,Drove me to get my blood drawn,Cleaned the kitchen with me,Complimented me,Expressed appreciation towards me,Took my clothes from the washer and put them in the dryer,Studied with me,1.982,220.023,220.284,15,2,,,,,,,,0,0,0,0,0,1,0,0,1,1,1,1,0,0,1,1,0,0,0,0,0,1,0,0,0,2,2,0,0,0,1,0,0,0,1,0,1,2,,0,1,1,,unresponsive
12/3/22 18:37,12/3/22 18:51,0,100,806,1,12/3/22 18:51,anonymous,EN,,,,,,,,,,,,,,,,Spoke kindness,Changed a lightbulb ,24.542,59.133,69.097,7,2,0,0,1,0,0,1,0,0,0,1,1,1,1,1,1,1,2,0,0,0,0,3,0,3,0,3,3,5,0,0,0,0,0,0,0,1,1,,1,0,2,1,"On the emotion part, I hit a lot of ‘not at all,” figuring you may probably think I’m barely alive. Relaxing/winding down for a bit. Thank you for the opportunity to participate.",responsive
12/3/22 18:32,12/3/22 18:51,0,100,1142,1,12/3/22 18:51,anonymous,EN,New socks ,cleaned up after i cooked a meal,brought back my favourite cake from her work,listened to me rant,backed me up in an argument,realised i was abit down and tried to pick me up,paid for a meal,worked hard for the family,took the trash out,organised a family matter,47.985,584.993,588.007,15,2,,,,,,,,0,1,0,0,0,1,0,1,0,0,0,0,0,1,1,0,3,0,0,0,3,3,2,3,0,4,4,3,0,0,3,0,0,4,0,0,1,2,,0,1,1,,unresponsive
12/3/22 18:45,12/3/22 18:51,0,100,341,1,12/3/22 18:51,anonymous,EN,Compliment,Helping hand,Talk,Care,Give,Understand,Loving,Kind,Hug,Bea friend,9.445,72.079,85.398,14,2,,,,,,,,0,0,0,0,0,1,0,0,0,0,0,0,0,0,0,0,3,0,0,0,4,2,1,5,2,4,4,2,1,0,1,0,0,4,1,0,1,1,,0,1,0,,unresponsive
12/3/22 18:41,12/3/22 18:51,0,100,564,1,12/3/22 18:51,anonymous,EN,Seen something I like at the store and bought it ,Gave me a hug when I was sad,Thanked me for a cooking a meal,Backed up what I said to our kids,Pumped my gas without prompting,Picked up a prescription for me when I was sick ,"Took off from work so I wouldn’t have to, to take our kids to the doctor ",Cleaned up after I cooked a meal ,Held my hand while we walked ,Picked up the bill at a restaurant ,1.401,293.34,339.726,34,2,,,,,,,,1,1,0,1,1,0,1,1,1,1,1,1,1,1,1,1,2,0,0,0,2,3,1,4,0,4,4,3,0,0,1,0,0,1,0,0,1,2,,0,2,0,,unresponsive
12/3/22 18:46,12/3/22 18:51,0,100,309,1,12/3/22 18:51,anonymous,EN,,,,,,,,,,,,,,,,Help me with anxiety,Help cook for me,5.548,31.092,39.159,7,2,1,1,0,0,0,1,1,1,1,1,0,0,0,0,1,0,0,4,1,4,0,0,0,4,4,0,0,0,4,4,0,4,4,0,5,4,1,,2,0,2,0,,responsive
12/3/22 18:40,12/3/22 18:51,0,100,640,1,12/3/22 18:51,anonymous,EN,Listened ,Offered reassurance,Made me laugh,Been respectful,Been friendly,Been kind,Been considerate,Asked after me,Helped me plan things,Showed they care about me,17.805,301.941,319.567,23,2,,,,,,,,0,0,0,1,0,0,1,1,1,1,1,1,1,1,1,1,4,0,0,0,4,5,4,3,0,1,5,4,0,0,1,0,0,3,0,0,1,2,,0,2,1,"Everything worked fine, thank you. ",unresponsive
12/3/22 18:42,12/3/22 18:51,0,100,578,1,12/3/22 18:51,anonymous,EN,Cooked dinner for me,Brought up food for me when I was tired,Gave me a back massage ,Helped me set up something on the computer,Showed interest in my hobby ,Comforted me when I was sad,Made food for me when I asked,Made tea for me,Gave me a head massage when I was in pain ,Validated my feelings when I was upset ,11.012,247.229,248.252,43,2,,,,,,,,1,1,1,1,1,0,1,1,1,1,1,1,1,1,1,1,2,0,0,0,1,1,1,1,0,1,2,1,0,0,1,0,0,0,0,0,1,2,,0,2,0,"Fun survey, thank you",unresponsive
12/3/22 18:46,12/3/22 18:52,0,100,355,1,12/3/22 18:52,anonymous,EN,Helped with assignments for school,Helped pick a dress ,Taught me how to cook a dish from her home country ,Told me I look good ,Supported me during hard times ,Said she’d help me do my makeup ,Invited me on holiday ,Came over to my house to cheer me up ,Offered me sweets ,Bought me a snack ,12.428,194.407,194.792,47,1,,,,,,,,0,0,0,0,0,1,0,0,0,0,0,0,0,0,0,1,1,0,1,0,1,2,1,1,0,2,2,1,0,0,1,0,0,0,0,0,1,2,,0,2,1,,unresponsive
12/3/22 18:44,12/3/22 18:52,0,100,505,1,12/3/22 18:52,anonymous,EN,paid for groceries,holds door open,fixed something that was broken,went to work everyday,drove the grandkids to practice,made me soup,holds the door open for me,always makes sure I am walking on the inside,hugs me randomly,tells me he loves me,16.266,122.479,261.915,6,2,,,,,,,,1,1,1,1,1,0,1,1,1,1,1,1,1,1,1,1,3,0,0,0,5,5,3,5,0,5,5,4,0,0,5,0,0,2,0,0,1,1,,0,2,1,,unresponsive
12/3/22 18:42,12/3/22 18:52,0,100,618,1,12/3/22 18:52,anonymous,EN,,,,,,,,,,,,,,,,Listened to me,bought me something,45.677,57.533,71.722,2,2,0,0,1,1,1,0,1,1,1,1,1,1,1,1,1,1,3,0,0,0,3,4,2,2,0,3,4,4,0,1,3,1,0,1,0,0,1,,1,0,2,1,,responsive
12/3/22 18:48,12/3/22 18:53,0,100,274,1,12/3/22 18:53,anonymous,EN,,,,,,,,,,,,,,,,She talked to me for an hour at 0100 because I was feeling down.,Brought me food because I was sick.,6.884,6.884,48.246,1,1,0,1,1,1,1,0,1,1,1,1,1,1,1,1,1,1,0,0,0,0,0,1,0,1,0,4,4,0,0,0,0,0,0,0,0,0,1,,2,0,1,1,,responsive
12/3/22 18:47,12/3/22 18:53,0,100,323,1,12/3/22 18:53,anonymous,EN,,,,,,,,,,,,,,,,Paid for our dinner ,Sent me a romantic text message ,1.704,44.873,60.65,7,2,1,0,0,0,1,1,0,0,1,1,1,0,0,1,1,0,3,1,0,1,0,4,0,5,0,3,4,3,0,0,4,1,1,0,1,1,1,,1,0,1,0,,responsive
12/3/22 18:43,12/3/22 18:53,0,100,580,1,12/3/22 18:53,anonymous,EN,,,,,,,,,,,,,,,,"They put of a personal engagement, in order to take me to a hospital appointment, and waited around so they could take me home after the appointment.","Travelled to the supermarket for me specifically, to pick up a couple of favourite food items for me for the weekend.",21.703,139.15,237.762,2,2,1,1,1,1,0,1,0,1,1,1,1,1,1,1,1,1,3,0,0,0,1,4,1,3,0,3,4,4,0,0,3,0,0,1,0,1,1,,1,0,1,1,,responsive
12/3/22 18:41,12/3/22 18:53,0,100,696,1,12/3/22 18:53,anonymous,EN,Provided reassurance when I was in doubt,Carried out tasks while I was busy,Got a drink for me while I was busy,Made sure I was taken care of while sick,Encouraged me to pursue hobbies,Provided encouragement for me when undertaking tasks,Made the bed,Sorted out work laundry for me while I was sick,Gave me hugs and kisses,Made me smile and laugh when feeling down,2.977,8.541,340.805,3,2,,,,,,,,0,0,0,1,1,0,0,1,1,1,1,1,1,1,1,1,4,0,0,0,2,3,2,4,0,3,4,3,0,0,2,0,0,2,0,0,1,2,,0,1,1,,unresponsive
12/3/22 18:44,12/3/22 18:53,0,100,542,1,12/3/22 18:53,anonymous,EN,Cooked my dinner,Walked the dog,Bought me a cake ,Did the dishes ,Helped me with my car,Backed me up in an argument ,Made me laugh ,Listened to my concerns ,Helped me out financially ,Bought my favourite lunch ,1.695,173.045,192.253,15,2,,,,,,,,0,1,0,0,0,1,1,0,0,1,0,0,1,1,1,1,2,0,0,0,1,4,1,3,0,4,4,2,0,0,3,0,0,1,0,0,1,2,,0,2,0,,unresponsive
12/3/22 18:50,12/3/22 18:53,0,100,198,1,12/3/22 18:53,anonymous,EN,,,,,,,,,,,,,,,, Worry Less About The Future And Focus On The Present,Your needs are valid,0.933,110.65,117.073,9,1,,,,,,,,,,,,,1,,,,3,1,2,2,2,2,3,2,2,1,2,1,2,1,2,1,2,1,1,2,1,,3,1,1,1,,responsive
12/3/22 18:39,12/3/22 18:53,0,100,836,1,12/3/22 18:53,anonymous,EN,did my laundry ,prepared special dinner,gave me a thoughtful gift ,let me watch word cup without disruption ,said encouraging words ,packed me treats for work ,called my family to ask how they are doing ,did the laundry ,helped me cleaned the house ,helped me donate old clothes ,47.701,473.269,496.427,25,2,,,,,,,,1,1,1,1,1,0,1,1,1,1,1,1,1,1,1,1,2,0,0,0,2,2,3,4,0,4,4,4,0,0,3,0,0,4,0,0,1,5,,0,1,1,,unresponsive
12/3/22 18:49,12/3/22 18:53,0,100,235,1,12/3/22 18:53,anonymous,EN,food,drove me to work,made dinner,asked me how my day went.,.,.,.,.,.,.,6.886,42.785,49.086,5,1,,,,,,,,1,1,0,0,0,1,0,0,0,1,1,0,1,0,0,0,2,0,0,0,3,3,3,4,0,0,4,3,0,3,3,0,0,5,0,0,1,1,,0,1,1,,unresponsive
12/3/22 18:50,12/3/22 18:53,0,100,204,1,12/3/22 18:53,anonymous,EN,Dishes ,Chores,Help kid,Asked questions ,Share ,,,,,,2.575,65.726,65.734,13,2,,,,,,,,0,0,0,0,0,1,0,0,0,0,1,0,0,0,0,0,1,0,0,0,1,1,1,2,0,1,1,1,0,0,1,0,0,0,0,0,1,4,,0,2,0,,unresponsive
12/3/22 18:46,12/3/22 18:54,0,100,477,1,12/3/22 18:54,anonymous,EN,Did the laundry,Went grocery shopping for me,Took the dog out for me,Cooked dinner,Told me I looked handsome,Put up Christmas decorations,Watched a show with me,Brought home ice cream,Shown love toward me,Cuddled with me,35.055,128.109,136.222,10,2,,,,,,,,0,1,0,0,0,0,0,1,1,1,0,0,0,1,1,1,2,0,0,0,2,2,2,2,0,1,1,0,0,0,2,0,0,3,0,0,1,3,,0,1,1,,unresponsive
12/3/22 18:44,12/3/22 18:54,0,100,587,1,12/3/22 18:54,anonymous,EN,,,,,,,,,,,,,,,,Did all the laundry ,Drove our grandson to school so I didn't have to go out in the snow and cold,11.258,137.916,198.598,5,2,0,0,0,0,0,1,0,0,0,0,0,0,0,0,0,0,0,0,0,0,1,2,1,1,0,2,4,2,0,0,3,0,0,1,0,0,1,,1,0,2,0,,responsive
12/3/22 18:50,12/3/22 18:54,0,100,230,1,12/3/22 18:54,anonymous,EN,,,,,,,,,,,,,,,,She has taken care of our dog while I'm busy with upcoming year-end work deadlines,She's listened to me while I talk through current year-end plans and made suggestions with regards to how to tackle the steps of said plans,10.988,35.163,74.821,2,2,1,1,1,1,1,0,1,1,1,1,1,1,1,1,1,1,1,0,0,0,1,3,2,1,0,1,2,1,0,0,1,0,0,1,0,0,1,,2,0,1,1,,responsive
12/3/22 18:40,12/3/22 18:54,0,100,842,1,12/3/22 18:54,anonymous,EN,,,,,,,,,,,,,,,,Assisted me with a work related task as I was feeling very tired.,Went out to stationary store for items I needed when I didn't have time to go myself.,20.642,257.003,258.569,9,2,1,1,1,1,1,0,1,1,1,0,1,1,1,1,1,1,2,1,0,1,4,5,1,6,0,4,5,5,1,1,5,1,0,2,0,0,1,,4,0,1,0,,responsive
12/3/22 18:46,12/3/22 18:54,0,100,487,1,12/3/22 18:54,anonymous,EN,Cooked dinner for me,Let me sleep with a fan even though he's cold,Drives me to church,Takes care of grandbaby so I can rest,,,,,,,5.583,114.509,114.514,10,2,,,,,,,,1,1,1,1,1,0,1,1,1,1,1,1,1,1,1,1,2,0,0,0,2,3,2,2,0,3,3,2,0,0,1,0,2,1,0,3,1,5,,0,2,1,,unresponsive
12/3/22 18:50,12/3/22 18:54,0,100,287,1,12/3/22 18:54,anonymous,EN,,,,,,,,,,,,,,,,Brought me coffee before work. ,Helped me clean my car after going on a trip together.,13.308,86.96,87.752,2,2,1,1,1,1,1,0,1,1,1,1,1,1,1,1,1,1,0,4,1,4,2,3,1,4,0,1,1,1,0,0,0,4,1,1,5,2,1,,1,0,2,1,,responsive
12/3/22 18:48,12/3/22 18:55,0,100,411,1,12/3/22 18:55,anonymous,EN,Pick up from work ,Made me breakfast ,Made me dinner ,Made me tea ,Told me they loved me ,Took me to work ,Kissed me ,Bought me a gift ,,,1.017,112.209,112.267,49,2,,,,,,,,1,1,1,1,1,1,0,0,1,0,1,1,1,1,1,1,2,0,0,0,2,4,2,4,0,4,4,4,0,0,4,0,0,1,0,0,1,2,,0,1,0,,unresponsive
12/3/22 18:45,12/3/22 18:55,0,100,597,1,12/3/22 18:55,anonymous,EN,Dropped me to a party,Cooked a lovely meal ,Made me a cup of tea this morning ,Gave me a hug,Complemented my hair ,Put the bins out,Ran my bath,Said kind things ,Made me laugh when I was down,Brought some milk home ,1.989,232.349,253.094,19,2,,,,,,,,0,1,0,0,0,0,1,1,0,0,1,0,1,1,1,1,5,0,0,0,5,5,4,6,0,5,6,6,0,0,5,0,0,5,0,0,1,2,,0,2,0,,unresponsive
12/3/22 18:45,12/3/22 18:55,0,100,618,1,12/3/22 18:55,anonymous,EN,Gave me compliments ,Cheered me up when I wasn't feeling very well,Gave me advice,Cooked me a meal,Gave me time and space to play video games with my friends,Watched a tv show they aren't really interested in with me,Picked me up from the train station,Got me something from the shop,Watched me and my football team play a game,Made me a cup of coffee,6.926,380.157,387.879,44,2,,,,,,,,1,1,1,1,1,0,1,1,1,1,1,1,1,1,1,1,0,0,0,0,0,2,1,0,0,4,4,2,0,0,0,0,0,0,0,0,1,1,,0,1,1,,unresponsive
12/3/22 18:50,12/3/22 18:55,0,100,317,1,12/3/22 18:55,anonymous,EN,Bought me flowers,Bought me chocolates,Given me a foot rub,Has done some extra housework whilst I've felt unwell,Has gotten up early with our son so i can lay in,Has been out to get me food that i fancied to eat,Has taken our son to a party when I didnt want to go,Has made me a hot water bottle when I was cold,Has cooked me a dinner,Has listened to me when I've been depressed and not judged me,10.528,124.345,149.407,21,2,,,,,,,,0,0,0,0,0,1,0,0,0,0,0,0,0,0,1,1,0,0,0,0,1,2,0,2,0,3,5,2,0,1,0,1,0,0,0,1,1,2,,0,2,0,,unresponsive
12/3/22 18:47,12/3/22 18:55,0,100,512,1,12/3/22 18:55,anonymous,EN,Listened to me,Checked to see if I am okay,Offered to help me in a small way financially,Called me regularly,Called me on time,Made me laugh,Told me that I looked good,Checked to see whether I had done something that I needed to do,Sympathised with my plight,Offered to buy me something,26.742,234.61,262.123,57,2,,,,,,,,,,,,,,,,,,,,,,1,,0,1,1,1,0,2,0,1,1,2,2,1,1,1,0,1,0,0,0,0,1,3,,0,2,1,The shapes part of the task forwarded too quickly.,unresponsive
12/3/22 18:51,12/3/22 18:55,0,100,274,1,12/3/22 18:55,anonymous,EN,,,,,,,,,,,,,,,,Helped me carry my things,Ate a meal with me,2.885,57.461,67.801,4,1,1,1,0,1,1,0,1,1,0,1,1,1,1,1,0,1,3,0,0,0,1,3,3,5,1,2,3,3,0,4,3,5,2,3,1,0,1,,5,0,2,0,,responsive
12/3/22 18:47,12/3/22 18:55,0,100,492,1,12/3/22 18:55,anonymous,EN,called to check how i was,bought me medicine to my door as i was unable to go out,lent me money,reassured me when i was feeling anxious,gave me a lovely hug,sent me flowers as a thank you,gave me good advice,showed me love and care,made me feel safe,said i love you,21.052,175.524,187.602,10,1,,,,,,,,1,1,1,1,1,0,1,1,1,1,1,1,1,1,1,1,2,1,0,1,2,4,2,2,0,2,2,4,0,0,1,1,0,2,0,0,1,2,,0,2,1,Nothing further to add... Thank you.,unresponsive
12/3/22 18:51,12/3/22 18:56,0,100,290,1,12/3/22 18:56,anonymous,EN,Cooked for me,Got up early to walk the dog,Given me more time in bed whilst she does chores,Helped me out  financially,Made me feel loved when i've had a bad day,Let me watch lots of football,Made sure I am well rested ,Washed all of my work uniforms,Helped me with Christmas shopping ,Bought me my favourite chocolate ,3.633,89.111,162.04,6,2,,,,,,,,1,1,1,1,1,0,1,1,1,1,1,1,1,1,1,1,1,0,0,0,1,3,2,2,1,2,1,3,1,0,0,0,0,0,0,1,1,2,,0,1,1,,unresponsive
12/3/22 18:49,12/3/22 18:56,0,100,418,1,12/3/22 18:56,anonymous,EN,,,,,,,,,,,,,,,,Cuddled me,Made my breakfast ,1.974,43.434,44.301,6,2,1,0,0,1,0,1,1,1,0,1,1,1,1,1,1,1,0,1,1,1,0,1,0,0,1,0,1,0,1,1,0,1,1,0,1,1,1,,2,0,2,0,None,responsive
12/3/22 18:50,12/3/22 18:56,0,100,324,1,12/3/22 18:56,anonymous,EN,,,,,,,,,,,,,,,,Let me use her office for meetings,Got me things when I needed them,14.459,100.266,140.115,4,2,0,0,1,1,1,0,0,0,0,0,1,1,1,1,1,1,2,1,0,1,3,3,3,2,0,3,3,3,0,0,2,1,0,1,0,0,1,,3,0,1,1,,responsive
12/3/22 18:49,12/3/22 18:56,0,100,437,1,12/3/22 18:56,anonymous,EN,Kissed me,Reassured me,Made me laugh,She's told me she loves me,Made me feel special,made me feel wanted,Bought me food and drink,Cared for me,Shown me my potential,Loved me endlessly,18.499,82.575,92.249,3,2,,,,,,,,0,0,0,0,0,1,1,0,1,0,0,0,0,0,0,1,2,0,0,0,4,3,5,2,0,2,3,4,0,0,4,1,3,4,0,0,1,1,,0,1,1,,unresponsive
12/3/22 18:50,12/3/22 18:57,0,100,436,1,12/3/22 18:57,anonymous,EN,Gave me money.,Showed concern for my health.,Cleaned the house.,Paid bills,Helped me at my lowest points.,Lends me vehicle.,Allows me to stay in their house.,Has water for me to drink.,Has internet for me to use.,Allows me to use laundry room.,17.101,17.101,214.401,1,1,,,,,,,,0,0,0,0,0,1,0,0,0,0,0,0,1,1,0,0,4,2,1,2,2,3,1,3,2,3,3,2,1,2,3,3,3,2,3,4,1,4,,0,1,1,,unresponsive
12/3/22 18:46,12/3/22 18:57,0,100,671,1,12/3/22 18:57,anonymous,EN,,,,,,,,,,,,,,,,bought me lunch,gone out of his way to take me to the post office while on way to somewhere else,25.923,79.241,140.474,3,2,0,0,1,0,0,1,0,1,0,1,0,0,0,0,1,1,2,1,1,1,2,4,3,2,0,2,3,3,1,1,2,1,0,1,0,1,1,,2,0,2,1,difficult to choose between the figures,responsive
12/3/22 18:50,12/3/22 18:58,0,100,481,1,12/3/22 18:58,anonymous,EN,,,,,,,,,,,,,,,,Did washing up.,Bought a new hotwater bottle for me.,58.361,108.114,201.351,3,2,1,1,0,0,0,1,1,1,1,1,1,1,1,1,1,1,0,0,0,0,0,2,0,1,0,2,2,2,0,0,0,0,0,0,0,0,1,,2,0,2,1,,responsive
12/3/22 18:56,12/3/22 18:59,0,100,202,1,12/3/22 18:59,anonymous,EN,,,,,,,,,,,,,,,,Surprised me with a gift when I was upset,Taken on all the housework himself to help me while I was feeling down,2.2,30.801,51.251,7,2,0,0,0,0,0,1,0,0,0,0,0,0,0,0,0,0,1,0,0,3,0,4,1,3,5,6,6,1,3,5,1,3,4,0,2,4,1,,2,0,2,1,,responsive
12/3/22 18:51,12/3/22 18:59,0,100,527,1,12/3/22 18:59,anonymous,EN,She has called me,"She has invited me to stay at her house on Monday night, to avoid a long drive home & back",She bought me some mince pies and heated them for me,She has made me several cups of tea,She has thanked me numerous times,She has let me keep some of her money (on trust),She has cheered me up,She has listened and heeded what I have said,She has clarified her plans for Christmas,She says she will visit me soon,9.528,281.534,290.552,13,1,,,,,,,,1,1,1,1,1,0,1,1,1,1,1,1,1,1,1,1,0,0,0,0,1,3,0,4,0,2,4,3,0,0,1,0,0,0,0,0,1,4,,0,1,1,"I was ""pushed"" to find 10 things in the last 7 days - a 1 month period would haver been easier.",unresponsive
12/3/22 18:51,12/3/22 19:01,0,100,625,1,12/3/22 19:01,anonymous,EN,Caring,Happy,Loving,Trusting,Close,Calming,Careful,Considerate,NA,NA,4.491,286.821,289.234,41,1,,,,,,,,1,1,1,1,1,0,1,0,0,1,1,1,0,0,0,0,3,0,0,1,6,5,4,6,0,6,5,6,0,1,5,2,0,4,0,0,1,3,,1,1,0,,unresponsive
12/3/22 18:51,12/3/22 19:04,0,100,779,1,12/3/22 19:04,anonymous,EN,,,,,,,,,,,,,,,,She gives me joy be the things she does and how she does them.,"She's still around, sticking and pushing with me after all the years. And she sure isn't letting go. Not just yet.",25.176,365.021,365.299,3,2,0,0,0,0,0,1,0,0,0,0,0,0,0,1,0,0,5,0,0,0,6,5,5,6,0,3,6,6,0,0,5,0,0,4,0,0,1,,2,0,1,1,,responsive
12/3/22 18:51,12/3/22 19:04,0,100,771,1,12/3/22 19:04,anonymous,EN,,,,,,,,,,,,,,,,Supported me in debates online.,Been an interesting and supportive companion to talk to.,13.095,69.935,77.316,6,1,0,0,0,0,0,0,0,0,1,1,1,0,1,1,1,1,1,4,0,4,3,2,0,3,0,2,4,0,0,2,1,3,3,4,1,0,1,,4,0,2,1,"I answered in re. my closest current friend, but he lives in another country and we are both currently very busy, plus his wife has cancer, so we are not interacting as much as we might at other times.  It's ahrd to think of kind, supportive things he has done for me in the alst 7 days not because he isn't kind and supportive, but because we've only spent about 20 minutes interacting in the last 7 days.",responsive
12/3/22 18:39,12/3/22 19:05,0,100,1584,1,12/3/22 19:05,anonymous,EN,Cup of tea in bed.,Walked my dog.,"Cooked a nice ""Full English""",Did all my washing.,"Said "" I love you""",Bought me several presents.,Did the dishes.,"Said ""I love you"" again",Took me out for Dinner.,Ran me a bath.,30.063,920.481,1166.426,18,2,,,,,,,,0,0,0,0,0,1,0,1,1,1,1,0,1,0,0,1,4,0,0,0,5,6,0,4,0,6,6,4,0,0,4,0,0,1,0,0,1,1,,0,1,1,,unresponsive
12/3/22 18:53,12/3/22 19:06,0,100,743,1,12/3/22 19:06,anonymous,EN,Helped with the house chores,Supported me while I had a virus,Told me she loved me,Went out of her way to pick up my parcel when I was busy,Decorated the majority of our christmas tree by herself as she knows I am too lazy for it,Cooked dinner for me,Brought me drinks while I was busy playing a game with friends,Told me good night,Took our dog to the vet,"Chatted with my parents, I appreciate her being on good terms with the rest of the family",13.535,576.202,576.594,11,2,,,,,,,,0,0,0,1,0,1,0,0,1,1,0,1,1,0,1,1,1,0,0,0,0,2,1,0,0,0,4,3,0,0,2,0,0,0,0,0,1,3,,0,1,1,,unresponsive
12/3/22 18:59,12/3/22 19:08,0,100,566,1,12/3/22 19:08,anonymous,EN,called me on the phone about social activities,wnquired about my wellbeing,chatted about mutual friends,shared jokes,talked about my family problems,talked about shred interests,,,,,15.923,256.523,256.53,19,1,,,,,,,,0,0,0,0,0,1,0,0,1,1,1,1,1,1,1,1,3,1,0,1,2,4,2,3,0,4,4,2,1,0,3,1,1,1,0,1,1,4,,0,1,1,,unresponsive
12/3/22 19:12,12/3/22 19:17,0,100,283,1,12/3/22 19:17,anonymous,EN,,,,,,,,,,,,,,,,bought some pepsi when we ran out,bought some coffee for my mother whenshe couldn't find the brand she liked in her local store,9.558,26.134,62.977,2,2,1,1,1,1,1,1,1,0,0,1,1,1,1,1,1,1,1,0,1,0,0,1,0,1,0,0,1,0,0,0,0,0,0,0,0,1,1,,4,0,2,1,,responsive
12/3/22 18:50,12/3/22 19:22,0,100,1928,1,12/3/22 19:22,anonymous,EN,He lent me cash when I requested.,He has been trustworthy when we had dealings,He was funny and made me have a good laugh.,He has been a companion I I can call upon and is available,He has stood in for me on situations when I needed a stand in with my kids.,He lent me his car for a trip,He gave me a good advice that worked,He informed me of an opportunity where I was able to make some profit.,He helped advertise my business in his platforms,He attempted to patronise me and sought my advice too.,11.259,858.774,859.569,53,1,,,,,,,,0,0,0,0,0,1,0,0,0,0,0,0,0,0,0,0,5,0,0,0,5,5,5,6,0,4,6,6,1,1,4,1,0,4,0,0,1,2,,0,1,1,,unresponsive
12/3/22 19:15,12/3/22 19:23,0,100,498,1,12/3/22 19:23,anonymous,EN,sent me a copy of a movie i've been wanting to watch,invited me out for drinks,asked me what i wanted for christmas,cooked for me ,saved me a few chocolates out the pack,let me sleep in,sent me some game recommendations,paid me a compliment,held a door open for me ,sent me a joke ,9.2,225.111,236.408,23,2,,,,,,,,1,1,1,1,1,0,1,1,1,1,1,1,1,1,1,1,2,0,0,0,0,3,0,1,0,2,2,1,0,0,1,0,0,1,0,0,1,4,,0,1,1,,unresponsive
12/3/22 19:05,12/3/22 19:31,0,100,1533,1,12/3/22 19:31,anonymous,EN,My wife has been very supportive with the kids at home.,She helped me to do my laundry,She cooked for me and made sure I ate them.,She gave me a body massage,She exercised with me pushing me to complete my routine.,She was financially supportive ,"She advised me in my business, and followed up on my progress.",She used kind words to describe me efforts which was motivating.,She assisted in packing up my bags and arranging my stuffs while I prepared for work.,She prayed for me,532.126,694.024,837.487,3,2,,,,,,,,1,1,1,1,1,0,1,0,1,1,1,1,1,1,1,1,6,1,1,0,6,6,6,6,0,2,6,6,0,0,2,0,0,1,0,0,1,3,,0,1,1,,unresponsive
12/3/22 19:30,12/3/22 19:35,0,100,333,1,12/3/22 19:35,anonymous,EN,,,,,,,,,,,,,,,,Sent me a text to see how I was,Sent me some sweets,26.629,26.629,77.106,1,1,1,1,1,1,1,0,1,0,0,1,1,1,1,1,1,1,0,4,1,5,0,3,0,4,6,2,3,2,6,5,1,6,6,0,6,0,1,,1,0,1,1,,responsive
12/3/22 18:39,12/3/22 23:38,0,100,17894,1,12/3/22 23:38,anonymous,EN,Hugged me when I was sad,Told me he missed me after I was out for 18 hours.,Did chores indoors ,Walked home instead of ringing for a lift as I wasn’t well,Getting dinner as a treat after a bad day,Wanted to watch telly with me ,Given me the telly remote for me to choose what we watch after too much football viewing ,Sent text messages to brighten my day,Thanked me for good deeds I’d done. ,Appreciated the jobs I did indoors,0.719,271.021,328.788,20,2,,,,,,,,1,0,1,0,1,0,1,1,1,1,1,1,1,1,1,1,1,0,0,0,2,6,3,4,0,2,2,3,0,0,1,0,0,4,0,0,1,3,,0,2,0,,unresponsive